latitude,longitude,bright_ti4,scan,track,acq_date,acq_time,satellite,instrument,confidence,version,bright_ti5,frp,daynight
27.95755,96.95478,334.77,0.44,0.38,2026-09-05,637,N,VIIRS,n,2.0NRT,285.13,5.26,D
27.95821,96.95849,328.12,0.44,0.38,2026-09-05,637,N,VIIRS,n,2.0NRT,284.71,5.26,D
8.01719,81.42326,343.16,0.42,0.37,2026-09-05,813,N,VIIRS,n,2.0NRT,304.06,5.04,D
8.02176,81.43032,335.27,0.42,0.37,2026-09-05,813,N,VIIRS,n,2.0NRT,303.12,2.79,D
8.02232,81.4341,335.75,0.42,0.37,2026-09-05,813,N,VIIRS,n,2.0NRT,301.67,2.79,D
8.02516,81.16928,344.87,0.41,0.37,2026-09-05,813,N,VIIRS,n,2.0NRT,306.14,7.9,D
8.02535,80.63208,335.73,0.4,0.37,2026-09-05,813,N,VIIRS,n,2.0NRT,304.09,4.24,D
8.02858,81.16877,348.57,0.41,0.37,2026-09-05,813,N,VIIRS,n,2.0NRT,304.24,7.9,D
8.02988,81.41364,338.73,0.42,0.37,2026-09-05,813,N,VIIRS,n,2.0NRT,303.45,3.89,D
8.0395,80.61161,348.35,0.4,0.37,2026-09-05,813,N,VIIRS,n,2.0NRT,302.2,8.79,D
8.05222,80.25206,340.8,0.39,0.36,2026-09-05,813,N,VIIRS,n,2.0NRT,303.25,5.49,D
8.05383,80.10401,344.98,0.39,0.36,2026-09-05,813,N,VIIRS,n,2.0NRT,302.11,7.27,D
8.05503,80.24802,338.37,0.39,0.36,2026-09-05,813,N,VIIRS,n,2.0NRT,303.99,3.89,D
8.05838,80.6455,332.93,0.4,0.37,2026-09-05,813,N,VIIRS,n,2.0NRT,297.02,2,D
8.05978,79.87353,343.64,0.39,0.36,2026-09-05,813,N,VIIRS,n,2.0NRT,300.6,4.55,D
8.08628,81.38984,337.45,0.42,0.37,2026-09-05,813,N,VIIRS,n,2.0NRT,301.1,3.25,D
8.08633,81.36668,336.74,0.42,0.37,2026-09-05,813,N,VIIRS,n,2.0NRT,299.72,5.79,D
8.08893,81.36685,339.77,0.42,0.37,2026-09-05,813,N,VIIRS,n,2.0NRT,298.07,5.64,D
8.09138,79.92904,344.56,0.39,0.36,2026-09-05,813,N,VIIRS,n,2.0NRT,301.53,14.3,D
8.10234,81.10136,332.41,0.41,0.37,2026-09-05,813,N,VIIRS,l,2.0NRT,303.58,2.29,D
8.11574,80.15222,338.84,0.39,0.36,2026-09-05,813,N,VIIRS,n,2.0NRT,301.11,4.77,D
8.12158,80.80904,340,0.4,0.37,2026-09-05,813,N,VIIRS,n,2.0NRT,304.96,7.76,D
8.12212,80.81266,356.8,0.4,0.37,2026-09-05,813,N,VIIRS,n,2.0NRT,306.15,7.76,D
8.12266,80.8163,338.16,0.4,0.37,2026-09-05,813,N,VIIRS,n,2.0NRT,303.51,6.85,D
8.12496,80.80852,340.1,0.4,0.37,2026-09-05,813,N,VIIRS,n,2.0NRT,302.17,5.69,D
8.1255,80.81214,352.75,0.4,0.37,2026-09-05,813,N,VIIRS,n,2.0NRT,302.29,5.69,D
8.12604,80.81579,337.75,0.4,0.37,2026-09-05,813,N,VIIRS,n,2.0NRT,300.59,4.16,D
8.12778,80.54986,333.36,0.4,0.37,2026-09-05,813,N,VIIRS,n,2.0NRT,298.87,2.47,D
8.16122,80.68085,340.74,0.4,0.37,2026-09-05,813,N,VIIRS,n,2.0NRT,304.9,5.52,D
8.16176,80.68446,337.97,0.4,0.37,2026-09-05,813,N,VIIRS,n,2.0NRT,303.25,6.66,D
8.17138,81.07531,337.03,0.41,0.37,2026-09-05,813,N,VIIRS,n,2.0NRT,302.89,2.53,D
8.17441,80.63096,333.18,0.4,0.37,2026-09-05,813,N,VIIRS,n,2.0NRT,302.61,2.95,D
8.17748,80.58276,348.04,0.4,0.37,2026-09-05,813,N,VIIRS,n,2.0NRT,300.32,9.25,D
8.20892,80.69186,336.14,0.4,0.37,2026-09-05,813,N,VIIRS,n,2.0NRT,302.3,2.02,D
8.21024,80.58482,345.91,0.4,0.37,2026-09-05,813,N,VIIRS,n,2.0NRT,302.97,8.22,D
8.22299,80.97707,331.74,0.41,0.37,2026-09-05,813,N,VIIRS,l,2.0NRT,301.75,2.02,D
8.2587,80.32465,348.78,0.39,0.36,2026-09-05,813,N,VIIRS,n,2.0NRT,304.4,5.93,D
8.35222,80.17999,330.97,0.39,0.36,2026-09-05,813,N,VIIRS,n,2.0NRT,300.46,1.91,D
8.35447,80.55137,339.14,0.4,0.37,2026-09-05,813,N,VIIRS,n,2.0NRT,301.68,3.72,D
8.36094,80.59453,333.82,0.4,0.37,2026-09-05,813,N,VIIRS,n,2.0NRT,299.3,1.93,D
8.3665,80.20679,336.98,0.39,0.36,2026-09-05,813,N,VIIRS,n,2.0NRT,303.26,6.99,D
8.36862,80.22093,342.21,0.39,0.36,2026-09-05,813,N,VIIRS,n,2.0NRT,302.87,3.3,D
8.37896,80.17594,350.32,0.39,0.36,2026-09-05,813,N,VIIRS,n,2.0NRT,306.7,22.11,D
8.3856,81.01615,337.54,0.41,0.37,2026-09-05,813,N,VIIRS,n,2.0NRT,303.06,6.27,D
8.38724,81.02727,340.75,0.41,0.37,2026-09-05,813,N,VIIRS,n,2.0NRT,303.11,6.44,D
8.39266,80.28991,336.13,0.39,0.36,2026-09-05,813,N,VIIRS,n,2.0NRT,302.91,7.05,D
8.39913,81.03686,337.34,0.41,0.37,2026-09-05,813,N,VIIRS,n,2.0NRT,301.82,6.81,D
8.39956,81.06335,337.71,0.41,0.37,2026-09-05,813,N,VIIRS,n,2.0NRT,305.24,4.22,D
8.40004,80.43096,341.79,0.39,0.37,2026-09-05,813,N,VIIRS,n,2.0NRT,304.88,3.92,D
8.4001,80.62553,333.85,0.4,0.37,2026-09-05,813,N,VIIRS,n,2.0NRT,302.28,3.19,D
8.4034,80.43046,335.43,0.39,0.37,2026-09-05,813,N,VIIRS,n,2.0NRT,301.29,3.92,D
8.42385,80.38354,336.19,0.39,0.36,2026-09-05,813,N,VIIRS,n,2.0NRT,298.5,2.61,D
8.42556,80.46367,334.67,0.4,0.37,2026-09-05,813,N,VIIRS,n,2.0NRT,299.03,7.39,D
8.42615,80.84453,338.86,0.4,0.37,2026-09-05,813,N,VIIRS,n,2.0NRT,298.15,7.49,D
8.42892,80.46317,345.61,0.4,0.37,2026-09-05,813,N,VIIRS,n,2.0NRT,299.11,7.39,D
8.42995,80.56219,336.8,0.4,0.37,2026-09-05,813,N,VIIRS,n,2.0NRT,301.89,2.51,D
8.43594,80.67204,349.64,0.4,0.37,2026-09-05,813,N,VIIRS,n,2.0NRT,306.12,11.39,D
8.44271,81.0949,337.25,0.41,0.37,2026-09-05,813,N,VIIRS,n,2.0NRT,301.34,3.43,D
8.44327,81.09863,348.69,0.41,0.37,2026-09-05,813,N,VIIRS,n,2.0NRT,302.78,7.92,D
8.44974,80.17898,334.5,0.39,0.36,2026-09-05,813,N,VIIRS,n,2.0NRT,303.2,4.47,D
8.4546,80.6581,340.29,0.4,0.37,2026-09-05,813,N,VIIRS,n,2.0NRT,302.7,5.8,D
8.46284,80.50578,333.56,0.4,0.37,2026-09-05,813,N,VIIRS,l,2.0NRT,303.84,3,D
8.46325,80.80936,343.07,0.4,0.37,2026-09-05,813,N,VIIRS,n,2.0NRT,301.59,10.92,D
8.46393,80.79059,335.48,0.4,0.37,2026-09-05,813,N,VIIRS,n,2.0NRT,303,6.6,D
8.46437,81.0993,345.65,0.41,0.37,2026-09-05,813,N,VIIRS,n,2.0NRT,303.22,7.32,D
8.47132,80.49349,330.69,0.4,0.37,2026-09-05,813,N,VIIRS,n,2.0NRT,299.93,1.59,D
8.47204,80.65918,335.56,0.4,0.37,2026-09-05,813,N,VIIRS,n,2.0NRT,300.54,3.54,D
8.47329,80.8303,340.45,0.4,0.37,2026-09-05,813,N,VIIRS,n,2.0NRT,303.19,6.05,D
8.47468,80.49299,331.38,0.4,0.37,2026-09-05,813,N,VIIRS,n,2.0NRT,297.98,1.59,D
8.47522,80.49657,336.32,0.4,0.37,2026-09-05,813,N,VIIRS,n,2.0NRT,298.53,2.37,D
8.47708,80.76251,336,0.4,0.37,2026-09-05,813,N,VIIRS,n,2.0NRT,302.42,4.67,D
8.47913,80.79951,338.11,0.4,0.37,2026-09-05,813,N,VIIRS,n,2.0NRT,302.95,3.7,D
8.48008,80.82928,333.44,0.4,0.37,2026-09-05,813,N,VIIRS,n,2.0NRT,302.33,3.04,D
8.48063,80.83294,337.24,0.4,0.37,2026-09-05,813,N,VIIRS,n,2.0NRT,302.32,3.04,D
8.48482,80.79119,339.67,0.4,0.37,2026-09-05,813,N,VIIRS,n,2.0NRT,303.73,4.38,D
8.48918,80.82043,342.09,0.4,0.37,2026-09-05,813,N,VIIRS,n,2.0NRT,301.21,6.89,D
8.49118,80.76411,334.93,0.4,0.37,2026-09-05,813,N,VIIRS,l,2.0NRT,305.63,5.13,D
8.49469,80.74122,343.3,0.4,0.37,2026-09-05,813,N,VIIRS,n,2.0NRT,304.19,8.76,D
8.49523,80.74486,353.16,0.4,0.37,2026-09-05,813,N,VIIRS,n,2.0NRT,304.75,12.18,D
8.49961,80.21492,333.2,0.39,0.36,2026-09-05,813,N,VIIRS,l,2.0NRT,303.29,3.06,D
8.50354,80.66186,336.63,0.4,0.37,2026-09-05,813,N,VIIRS,n,2.0NRT,299.62,4.53,D
8.50431,80.62106,337.01,0.4,0.37,2026-09-05,813,N,VIIRS,n,2.0NRT,304.53,2.91,D
8.50867,80.7652,341.02,0.4,0.37,2026-09-05,813,N,VIIRS,n,2.0NRT,304.22,3.84,D
8.51206,80.76469,338.72,0.4,0.37,2026-09-05,813,N,VIIRS,n,2.0NRT,301.96,3,D
8.51689,80.82001,336.92,0.4,0.37,2026-09-05,813,N,VIIRS,n,2.0NRT,305.62,5.01,D
8.52262,80.27681,343.17,0.39,0.36,2026-09-05,813,N,VIIRS,n,2.0NRT,303.9,4.82,D
8.52282,80.41543,345.24,0.39,0.37,2026-09-05,813,N,VIIRS,n,2.0NRT,303.8,15.94,D
8.53777,80.77148,334.33,0.4,0.37,2026-09-05,813,N,VIIRS,n,2.0NRT,302.82,3.59,D
8.53882,80.85044,338.61,0.4,0.37,2026-09-05,813,N,VIIRS,n,2.0NRT,303.78,4.79,D
8.54884,80.63599,332.68,0.4,0.37,2026-09-05,813,N,VIIRS,n,2.0NRT,302.05,2.2,D
8.54917,80.75482,349.24,0.4,0.37,2026-09-05,813,N,VIIRS,n,2.0NRT,306.18,10.97,D
8.55502,80.72415,342.86,0.4,0.37,2026-09-05,813,N,VIIRS,n,2.0NRT,304.07,5.26,D
8.55556,80.72779,340.95,0.4,0.37,2026-09-05,813,N,VIIRS,n,2.0NRT,304.43,4.63,D
8.56221,80.65617,333.48,0.4,0.37,2026-09-05,813,N,VIIRS,n,2.0NRT,300.93,6.85,D
8.56501,80.8385,334.37,0.4,0.37,2026-09-05,813,N,VIIRS,n,2.0NRT,303.22,4.76,D
8.566,80.589,332.44,0.4,0.37,2026-09-05,813,N,VIIRS,l,2.0NRT,303.65,5.11,D
8.56992,80.77787,339.49,0.4,0.37,2026-09-05,813,N,VIIRS,n,2.0NRT,305.56,7.86,D
8.58073,80.36644,349.09,0.39,0.36,2026-09-05,813,N,VIIRS,n,2.0NRT,303.15,3.71,D
8.58355,80.36236,345.95,0.39,0.36,2026-09-05,813,N,VIIRS,n,2.0NRT,304.31,3.71,D
8.58409,80.36593,337.15,0.39,0.36,2026-09-05,813,N,VIIRS,n,2.0NRT,302.31,3.71,D
8.59053,80.52262,336.86,0.4,0.37,2026-09-05,813,N,VIIRS,n,2.0NRT,298.77,3.17,D
8.59385,80.63658,331.01,0.4,0.37,2026-09-05,813,N,VIIRS,l,2.0NRT,303.04,3.56,D
8.6058,80.83237,342.45,0.4,0.37,2026-09-05,813,N,VIIRS,n,2.0NRT,303.81,7.64,D
8.60616,80.9755,330.57,0.41,0.37,2026-09-05,813,N,VIIRS,l,2.0NRT,301.46,3.01,D
8.60958,80.975,336.34,0.41,0.37,2026-09-05,813,N,VIIRS,n,2.0NRT,301.49,5.7,D
8.61067,80.48598,338.4,0.4,0.37,2026-09-05,813,N,VIIRS,n,2.0NRT,301.77,3.91,D
8.6112,80.48957,343.23,0.4,0.37,2026-09-05,813,N,VIIRS,n,2.0NRT,301.13,14.4,D
8.62532,81.01054,338,0.41,0.37,2026-09-05,813,N,VIIRS,n,2.0NRT,302.51,5.17,D
8.62896,80.51635,337.33,0.4,0.37,2026-09-05,813,N,VIIRS,n,2.0NRT,301.47,4.29,D
8.6293,81.01375,341.11,0.41,0.37,2026-09-05,813,N,VIIRS,n,2.0NRT,304.13,4.46,D
8.6294,80.99097,343.53,0.41,0.37,2026-09-05,813,N,VIIRS,n,2.0NRT,301.39,6.7,D
8.6295,80.51996,338.94,0.4,0.37,2026-09-05,813,N,VIIRS,n,2.0NRT,302.06,4.29,D
8.62985,81.01746,337.55,0.41,0.37,2026-09-05,813,N,VIIRS,n,2.0NRT,302.48,4.34,D
8.63106,81.0021,331.86,0.41,0.37,2026-09-05,813,N,VIIRS,n,2.0NRT,299.94,2.32,D
8.63271,81.01324,339.57,0.41,0.37,2026-09-05,813,N,VIIRS,n,2.0NRT,302.05,4.46,D
8.63327,81.01696,336.19,0.41,0.37,2026-09-05,813,N,VIIRS,n,2.0NRT,303.36,4.34,D
8.63503,81.0053,342.41,0.41,0.37,2026-09-05,813,N,VIIRS,n,2.0NRT,302.69,4.32,D
8.64641,80.33406,337.54,0.39,0.36,2026-09-05,813,N,VIIRS,n,2.0NRT,304.27,3.67,D
8.65036,80.87457,337.34,0.41,0.37,2026-09-05,813,N,VIIRS,n,2.0NRT,302.33,4.64,D
8.65211,80.86302,338.41,0.4,0.37,2026-09-05,813,N,VIIRS,n,2.0NRT,302.27,7.2,D
8.65376,80.87405,337.87,0.41,0.37,2026-09-05,813,N,VIIRS,n,2.0NRT,302.59,4.64,D
8.65415,81.06326,332.61,0.41,0.37,2026-09-05,813,N,VIIRS,n,2.0NRT,299.93,2.47,D
8.6632,80.51487,341.21,0.4,0.37,2026-09-05,813,N,VIIRS,n,2.0NRT,304.31,17,D
8.66455,80.47787,336.72,0.4,0.37,2026-09-05,813,N,VIIRS,n,2.0NRT,302.74,4.69,D
8.67016,80.84117,344.29,0.4,0.37,2026-09-05,813,N,VIIRS,n,2.0NRT,304.42,8.18,D
8.67071,80.84486,344.37,0.4,0.37,2026-09-05,813,N,VIIRS,n,2.0NRT,309.23,22.92,D
8.67411,80.84435,337.37,0.4,0.37,2026-09-05,813,N,VIIRS,n,2.0NRT,301.73,22.92,D
8.67725,80.70167,330.89,0.4,0.37,2026-09-05,813,N,VIIRS,n,2.0NRT,298.98,3.66,D
8.68765,80.35707,352.26,0.39,0.36,2026-09-05,813,N,VIIRS,n,2.0NRT,306.49,14.63,D
8.69047,80.353,335.52,0.39,0.36,2026-09-05,813,N,VIIRS,n,2.0NRT,303.33,14.63,D
8.69101,80.35657,347.26,0.39,0.36,2026-09-05,813,N,VIIRS,n,2.0NRT,302.46,14.63,D
8.69288,81.01921,343.85,0.41,0.37,2026-09-05,813,N,VIIRS,n,2.0NRT,303.52,6.12,D
8.69343,81.02293,353.24,0.41,0.37,2026-09-05,813,N,VIIRS,n,2.0NRT,302.62,8.56,D
8.69478,80.7962,344.17,0.4,0.37,2026-09-05,813,N,VIIRS,n,2.0NRT,301.47,6.67,D
8.6963,81.01871,348.54,0.41,0.37,2026-09-05,813,N,VIIRS,n,2.0NRT,304.43,14.61,D
8.69685,81.02242,341.25,0.41,0.37,2026-09-05,813,N,VIIRS,n,2.0NRT,305.6,34.68,D
8.69899,80.28534,330.9,0.39,0.36,2026-09-05,813,N,VIIRS,l,2.0NRT,301.1,2.41,D
8.70245,81.13233,335.37,0.41,0.37,2026-09-05,813,N,VIIRS,n,2.0NRT,303.9,3.03,D
8.70351,80.85501,342.1,0.41,0.37,2026-09-05,813,N,VIIRS,n,2.0NRT,304.44,6.71,D
8.70406,80.85869,337.27,0.41,0.37,2026-09-05,813,N,VIIRS,n,2.0NRT,302.59,6.71,D
8.72964,80.96056,332.41,0.41,0.37,2026-09-05,813,N,VIIRS,n,2.0NRT,298.84,3.93,D
8.74935,80.53083,352.09,0.4,0.37,2026-09-05,813,N,VIIRS,n,2.0NRT,302.01,7.94,D
8.75043,80.53805,338.35,0.4,0.37,2026-09-05,813,N,VIIRS,n,2.0NRT,301.87,4.26,D
8.75096,80.54166,334.99,0.4,0.37,2026-09-05,813,N,VIIRS,n,2.0NRT,301.44,4.52,D
8.75219,80.52672,336.61,0.4,0.37,2026-09-05,813,N,VIIRS,n,2.0NRT,294.41,1.71,D
8.75273,80.53033,335.04,0.4,0.37,2026-09-05,813,N,VIIRS,n,2.0NRT,300.96,1.71,D
8.76241,78.10452,333.26,0.39,0.36,2026-09-05,813,N,VIIRS,l,2.0NRT,302.74,2.68,D
8.76995,80.10387,337.67,0.39,0.36,2026-09-05,813,N,VIIRS,n,2.0NRT,303.09,4.48,D
8.79525,80.56088,338.1,0.4,0.37,2026-09-05,813,N,VIIRS,n,2.0NRT,302.86,4.55,D
8.7973,80.39112,336.46,0.4,0.37,2026-09-05,813,N,VIIRS,n,2.0NRT,301.83,5.15,D
8.79784,80.39472,338.65,0.4,0.37,2026-09-05,813,N,VIIRS,n,2.0NRT,303.53,6.19,D
8.80806,80.99785,340.45,0.41,0.37,2026-09-05,813,N,VIIRS,n,2.0NRT,303.68,9.27,D
8.8086,81.00157,367,0.41,0.37,2026-09-05,813,N,VIIRS,h,2.0NRT,306.04,9.27,D
8.81116,80.85354,343.29,0.41,0.37,2026-09-05,813,N,VIIRS,n,2.0NRT,301.96,4.45,D
8.81148,80.57696,336.95,0.4,0.37,2026-09-05,813,N,VIIRS,n,2.0NRT,302.34,6.13,D
8.81203,81.00107,350.11,0.41,0.37,2026-09-05,813,N,VIIRS,n,2.0NRT,302.67,9.27,D
8.8223,80.99955,343.31,0.41,0.37,2026-09-05,813,N,VIIRS,n,2.0NRT,302.17,5.32,D
8.83201,80.99429,334.29,0.41,0.37,2026-09-05,813,N,VIIRS,n,2.0NRT,300.99,3.73,D
8.83324,80.86153,333.62,0.41,0.37,2026-09-05,813,N,VIIRS,l,2.0NRT,303.95,3.26,D
8.83489,80.47026,342.51,0.4,0.37,2026-09-05,813,N,VIIRS,n,2.0NRT,296.82,5.31,D
8.83842,80.44763,336.37,0.4,0.37,2026-09-05,813,N,VIIRS,n,2.0NRT,301.57,4.07,D
8.85021,80.74253,342.85,0.4,0.37,2026-09-05,813,N,VIIRS,n,2.0NRT,296.95,7.86,D
8.85206,80.33175,342.91,0.39,0.37,2026-09-05,813,N,VIIRS,n,2.0NRT,301.04,13.35,D
8.85361,80.74201,341.82,0.4,0.37,2026-09-05,813,N,VIIRS,n,2.0NRT,302.32,14.2,D
8.8651,80.74441,338.98,0.4,0.37,2026-09-05,813,N,VIIRS,n,2.0NRT,304.68,2.97,D
8.88087,80.66352,330.16,0.4,0.37,2026-09-05,813,N,VIIRS,l,2.0NRT,302.42,6.01,D
8.88978,80.86481,335.51,0.41,0.37,2026-09-05,813,N,VIIRS,n,2.0NRT,304.13,4.77,D
8.91298,80.88026,351.7,0.41,0.37,2026-09-05,813,N,VIIRS,n,2.0NRT,304.44,19.97,D
8.91352,80.88396,338.46,0.41,0.37,2026-09-05,813,N,VIIRS,n,2.0NRT,300.59,10.26,D
8.91912,80.68765,344.67,0.4,0.37,2026-09-05,813,N,VIIRS,n,2.0NRT,301.96,9.06,D
8.91925,80.87554,348.17,0.41,0.37,2026-09-05,813,N,VIIRS,n,2.0NRT,295.98,4.03,D
8.92369,80.78816,330.56,0.4,0.37,2026-09-05,813,N,VIIRS,n,2.0NRT,299.7,1.96,D
8.92709,80.78766,336.19,0.4,0.37,2026-09-05,813,N,VIIRS,n,2.0NRT,300.72,4.77,D
8.94015,80.78194,338.48,0.4,0.37,2026-09-05,813,N,VIIRS,n,2.0NRT,303.37,6.32,D
8.943,80.77776,341.99,0.4,0.37,2026-09-05,813,N,VIIRS,n,2.0NRT,304.13,5.79,D
8.94302,80.8947,339.6,0.41,0.37,2026-09-05,813,N,VIIRS,n,2.0NRT,303.37,5.07,D
8.94314,80.37978,346.45,0.4,0.37,2026-09-05,813,N,VIIRS,n,2.0NRT,302.05,5.81,D
8.94355,80.78143,354.27,0.4,0.37,2026-09-05,813,N,VIIRS,n,2.0NRT,304.16,6.32,D
8.95551,80.76838,340.4,0.4,0.37,2026-09-05,813,N,VIIRS,n,2.0NRT,303.36,4.13,D
8.95918,80.58051,345.88,0.4,0.37,2026-09-05,813,N,VIIRS,n,2.0NRT,304.91,20.83,D
8.96129,80.87682,335.18,0.41,0.37,2026-09-05,813,N,VIIRS,n,2.0NRT,303.6,4.8,D
8.96636,80.88741,340.97,0.41,0.37,2026-09-05,813,N,VIIRS,n,2.0NRT,301.33,4.81,D
8.99586,80.6644,339.29,0.4,0.37,2026-09-05,813,N,VIIRS,n,2.0NRT,297.92,10.73,D
9.00062,80.81387,350.01,0.41,0.37,2026-09-05,813,N,VIIRS,n,2.0NRT,302.17,5.24,D
9.04103,80.44921,332.04,0.4,0.37,2026-09-05,813,N,VIIRS,l,2.0NRT,305.66,5.52,D
9.07612,80.40704,336.87,0.4,0.37,2026-09-05,813,N,VIIRS,n,2.0NRT,302.41,2.15,D
9.07853,80.46942,342.27,0.4,0.37,2026-09-05,813,N,VIIRS,n,2.0NRT,299.85,3.71,D
9.21617,80.32276,331.28,0.4,0.37,2026-09-05,813,N,VIIRS,n,2.0NRT,300.66,2.46,D
9.22275,80.66697,336.31,0.4,0.37,2026-09-05,813,N,VIIRS,n,2.0NRT,302.88,3.32,D
9.30931,78.79927,340.57,0.38,0.36,2026-09-05,813,N,VIIRS,n,2.0NRT,302.17,4.62,D
9.33446,77.69536,346.22,0.4,0.37,2026-09-05,813,N,VIIRS,n,2.0NRT,307.87,7.2,D
9.38173,80.51563,339.27,0.4,0.37,2026-09-05,813,N,VIIRS,n,2.0NRT,301.01,3.37,D
9.39164,80.4658,337.53,0.4,0.37,2026-09-05,813,N,VIIRS,n,2.0NRT,301.81,3.04,D
9.39375,78.88885,340.06,0.38,0.36,2026-09-05,813,N,VIIRS,n,2.0NRT,303.67,4.57,D
9.4007,80.457,345.83,0.4,0.37,2026-09-05,813,N,VIIRS,n,2.0NRT,302.17,3.23,D
9.41381,80.42905,340.91,0.4,0.37,2026-09-05,813,N,VIIRS,n,2.0NRT,302.15,1.79,D
9.41477,80.45859,333.53,0.4,0.37,2026-09-05,813,N,VIIRS,n,2.0NRT,301.82,1.4,D
9.41815,80.45808,334.11,0.4,0.37,2026-09-05,813,N,VIIRS,n,2.0NRT,302.01,1.08,D
9.41869,80.46172,333.34,0.4,0.37,2026-09-05,813,N,VIIRS,n,2.0NRT,301.23,1.47,D
9.62122,77.4757,330.24,0.4,0.37,2026-09-05,813,N,VIIRS,n,2.0NRT,297.29,5.38,D
9.62942,80.3325,332.14,0.4,0.37,2026-09-05,813,N,VIIRS,n,2.0NRT,299.9,2,D
9.76186,79.01588,333.28,0.38,0.36,2026-09-05,813,N,VIIRS,n,2.0NRT,301.89,1.74,D
9.76191,80.18646,341.75,0.4,0.37,2026-09-05,813,N,VIIRS,n,2.0NRT,297.91,4.1,D
9.77927,80.18752,340.77,0.4,0.37,2026-09-05,813,N,VIIRS,n,2.0NRT,299.6,3.52,D
10.54381,79.22341,346.01,0.39,0.36,2026-09-05,813,N,VIIRS,n,2.0NRT,303.01,5.35,D
10.71104,79.432,341.49,0.39,0.36,2026-09-05,816,N,VIIRS,n,2.0NRT,306.21,6.82,D
10.79202,79.03259,340.12,0.38,0.36,2026-09-05,816,N,VIIRS,n,2.0NRT,304.36,10.43,D
10.82872,79.18511,346.57,0.39,0.36,2026-09-05,816,N,VIIRS,n,2.0NRT,300.54,2.98,D
10.83204,79.18459,332.25,0.39,0.36,2026-09-05,816,N,VIIRS,n,2.0NRT,301.85,2.98,D
10.85818,78.95408,341.88,0.38,0.36,2026-09-05,816,N,VIIRS,n,2.0NRT,304.07,4.71,D
10.87647,79.25341,338.54,0.39,0.36,2026-09-05,816,N,VIIRS,n,2.0NRT,304.22,2.99,D
10.92989,77.06577,339.03,0.4,0.37,2026-09-05,816,N,VIIRS,l,2.0NRT,308.06,3.75,D
10.98545,78.22152,341.16,0.39,0.36,2026-09-05,816,N,VIIRS,n,2.0NRT,307.93,4.83,D
11.00525,77.1251,345.45,0.4,0.37,2026-09-05,816,N,VIIRS,l,2.0NRT,309.27,7.94,D
11.48627,78.88146,338.67,0.38,0.36,2026-09-05,816,N,VIIRS,n,2.0NRT,304.46,4.68,D
11.57037,79.64236,335.47,0.39,0.36,2026-09-05,816,N,VIIRS,n,2.0NRT,290.73,1.41,D
11.81176,79.62698,335.58,0.39,0.36,2026-09-05,816,N,VIIRS,n,2.0NRT,301.35,3.95,D
11.85545,78.73141,330.2,0.38,0.36,2026-09-05,816,N,VIIRS,n,2.0NRT,299.24,2.96,D
11.89135,78.72217,333.36,0.38,0.36,2026-09-05,816,N,VIIRS,n,2.0NRT,303.29,1.26,D
11.96047,78.80122,331.4,0.38,0.36,2026-09-05,816,N,VIIRS,n,2.0NRT,301.09,4.31,D
11.96101,78.80475,336.43,0.38,0.36,2026-09-05,816,N,VIIRS,n,2.0NRT,303.7,7.02,D
12.09322,79.02973,338.07,0.39,0.36,2026-09-05,816,N,VIIRS,n,2.0NRT,300.9,3.38,D
12.80918,79.95596,332.32,0.41,0.37,2026-09-05,816,N,VIIRS,l,2.0NRT,304.04,4.06,D
12.83815,79.94009,334.31,0.41,0.37,2026-09-05,816,N,VIIRS,l,2.0NRT,305.24,5.26,D
12.85665,79.94463,332.34,0.41,0.37,2026-09-05,816,N,VIIRS,l,2.0NRT,302.97,4.58,D
12.86005,79.94411,330.17,0.41,0.37,2026-09-05,816,N,VIIRS,l,2.0NRT,302.1,2.67,D
12.87172,80.07278,330.58,0.41,0.37,2026-09-05,816,N,VIIRS,n,2.0NRT,298.93,1.57,D
12.93002,76.32658,335.18,0.41,0.37,2026-09-05,816,N,VIIRS,n,2.0NRT,305.77,4.73,D
13.14227,79.26152,336.42,0.39,0.36,2026-09-05,816,N,VIIRS,n,2.0NRT,301.2,1.48,D
13.29584,80.0663,331.23,0.41,0.37,2026-09-05,816,N,VIIRS,l,2.0NRT,302.64,4.15,D
13.29621,80.06625,330.97,0.41,0.37,2026-09-05,816,N,VIIRS,l,2.0NRT,302.74,2.46,D
13.66856,78.35713,333.98,0.38,0.36,2026-09-05,816,N,VIIRS,l,2.0NRT,306.22,3.12,D
13.88681,77.37984,347.76,0.39,0.36,2026-09-05,816,N,VIIRS,n,2.0NRT,311.54,8.42,D
13.98457,78.95074,345.01,0.39,0.36,2026-09-05,816,N,VIIRS,n,2.0NRT,307.45,7.01,D
13.9938,78.45014,339.2,0.39,0.36,2026-09-05,816,N,VIIRS,l,2.0NRT,310.21,5.97,D
14.07302,79.44398,339.09,0.4,0.37,2026-09-05,816,N,VIIRS,n,2.0NRT,302.05,5.39,D
14.21456,79.22671,348.93,0.4,0.37,2026-09-05,816,N,VIIRS,n,2.0NRT,307.57,9.3,D
14.2971,79.05283,351.03,0.39,0.36,2026-09-05,816,N,VIIRS,n,2.0NRT,305.22,9.37,D
14.46633,77.33766,338.22,0.39,0.36,2026-09-05,816,N,VIIRS,n,2.0NRT,307.13,5.56,D
14.52509,79.062,341.72,0.39,0.37,2026-09-05,816,N,VIIRS,n,2.0NRT,307.25,4.51,D
14.57245,79.93675,342.49,0.42,0.37,2026-09-05,816,N,VIIRS,n,2.0NRT,302.56,12.86,D
14.57326,79.93592,332.81,0.42,0.37,2026-09-05,816,N,VIIRS,n,2.0NRT,299.7,6.63,D
14.57383,79.93979,334.23,0.42,0.37,2026-09-05,816,N,VIIRS,n,2.0NRT,299.73,6.63,D
14.59007,76.56956,333.14,0.4,0.37,2026-09-05,816,N,VIIRS,l,2.0NRT,301.11,2.28,D
14.66624,79.76509,337.69,0.41,0.37,2026-09-05,816,N,VIIRS,n,2.0NRT,305.53,3.1,D
14.66658,78.99778,341.44,0.39,0.37,2026-09-05,816,N,VIIRS,n,2.0NRT,306.16,3.54,D
14.68695,79.73852,349.33,0.41,0.37,2026-09-05,816,N,VIIRS,n,2.0NRT,309.32,6.04,D
14.69037,79.738,337.92,0.41,0.37,2026-09-05,816,N,VIIRS,n,2.0NRT,306.41,6.04,D
14.77525,79.79544,353.09,0.41,0.37,2026-09-05,816,N,VIIRS,n,2.0NRT,310.85,25.68,D
14.89181,79.23329,349.38,0.4,0.37,2026-09-05,816,N,VIIRS,n,2.0NRT,308.74,9.19,D
14.95491,75.19309,333.16,0.43,0.38,2026-09-05,816,N,VIIRS,n,2.0NRT,295.4,2.89,D
15.05285,77.10738,337.92,0.39,0.36,2026-09-05,816,N,VIIRS,n,2.0NRT,305.06,3.63,D
15.08564,77.31834,337.72,0.39,0.36,2026-09-05,816,N,VIIRS,n,2.0NRT,303.89,7.62,D
15.16295,78.87427,337.1,0.39,0.36,2026-09-05,816,N,VIIRS,l,2.0NRT,307.74,3.6,D
15.16875,76.38062,330.07,0.4,0.37,2026-09-05,816,N,VIIRS,l,2.0NRT,304.76,5.59,D
15.17266,76.66496,335.32,0.39,0.36,2026-09-05,816,N,VIIRS,l,2.0NRT,305.84,5.73,D
15.17484,76.65714,335.27,0.39,0.36,2026-09-05,816,N,VIIRS,l,2.0NRT,306.58,3.25,D
15.17818,76.65657,333.69,0.39,0.36,2026-09-05,816,N,VIIRS,l,2.0NRT,301.98,3.25,D
15.18627,76.31717,331.27,0.4,0.37,2026-09-05,816,N,VIIRS,l,2.0NRT,305.6,5.01,D
15.22651,76.76752,338.75,0.39,0.36,2026-09-05,816,N,VIIRS,n,2.0NRT,306.89,8.29,D
15.4074,80.12518,340.46,0.43,0.38,2026-09-05,816,N,VIIRS,n,2.0NRT,298.97,6.1,D
15.45176,79.12704,342.13,0.4,0.37,2026-09-05,816,N,VIIRS,n,2.0NRT,305.39,5.98,D
15.54765,78.12994,338.43,0.39,0.36,2026-09-05,816,N,VIIRS,n,2.0NRT,303.03,3.47,D
15.57417,78.94083,332.99,0.4,0.37,2026-09-05,816,N,VIIRS,l,2.0NRT,303.61,3.19,D
15.60291,79.61507,338.85,0.41,0.37,2026-09-05,816,N,VIIRS,n,2.0NRT,302.66,6.08,D
15.82935,79.52122,340.2,0.41,0.37,2026-09-05,816,N,VIIRS,n,2.0NRT,305.37,9.8,D
15.9341,78.1999,330.62,0.39,0.36,2026-09-05,816,N,VIIRS,n,2.0NRT,297.99,2.24,D
15.9781,78.4109,334.76,0.39,0.36,2026-09-05,816,N,VIIRS,n,2.0NRT,302.36,3.85,D
16.18071,75.15405,337.87,0.42,0.38,2026-09-05,816,N,VIIRS,n,2.0NRT,303.1,7.59,D
16.27423,78.39685,339.27,0.39,0.36,2026-09-05,816,N,VIIRS,n,2.0NRT,302.22,2.49,D
16.27654,80.32413,337.8,0.45,0.39,2026-09-05,816,N,VIIRS,n,2.0NRT,300.38,4.93,D
16.46479,79.59985,337.28,0.42,0.38,2026-09-05,816,N,VIIRS,n,2.0NRT,303.58,3.25,D
16.49307,79.94553,334.64,0.43,0.38,2026-09-05,816,N,VIIRS,n,2.0NRT,303.86,5.38,D
16.51543,78.36472,334.28,0.39,0.36,2026-09-05,816,N,VIIRS,n,2.0NRT,299.48,3.19,D
16.59789,77.40491,342.06,0.38,0.36,2026-09-05,816,N,VIIRS,n,2.0NRT,302.15,7.02,D
16.8774,79.9932,332.78,0.44,0.38,2026-09-05,816,N,VIIRS,n,2.0NRT,301.37,3.15,D
17.07409,78.59189,334.67,0.4,0.37,2026-09-05,816,N,VIIRS,n,2.0NRT,300.67,3.91,D
17.75859,75.82333,339.69,0.4,0.37,2026-09-05,816,N,VIIRS,l,2.0NRT,307.83,6.23,D
19.02065,72.89297,332.56,0.49,0.4,2026-09-05,818,N,VIIRS,l,2.0NRT,298.09,4.9,D
19.09782,82.1674,334.75,0.4,0.44,2026-09-05,818,N,VIIRS,n,2.0NRT,295.4,6.04,D
19.10191,82.16685,333.53,0.4,0.44,2026-09-05,818,N,VIIRS,n,2.0NRT,295.65,4.75,D
20.86472,84.9909,330.54,0.63,0.54,2026-09-05,818,N,VIIRS,n,2.0NRT,293.37,6.34,D
20.96047,85.18738,333.23,0.33,0.55,2026-09-05,818,N,VIIRS,n,2.0NRT,295,3.52,D
20.9636,85.16774,331.63,0.32,0.55,2026-09-05,818,N,VIIRS,n,2.0NRT,295.36,6.38,D
20.96741,85.15464,333.4,0.32,0.55,2026-09-05,818,N,VIIRS,n,2.0NRT,295.34,4.32,D
20.96937,85.17357,345.88,0.33,0.55,2026-09-05,818,N,VIIRS,n,2.0NRT,295.24,4.26,D
20.9697,85.17672,330.55,0.33,0.55,2026-09-05,818,N,VIIRS,n,2.0NRT,294.23,4.26,D
20.97448,85.17305,333.03,0.33,0.55,2026-09-05,818,N,VIIRS,n,2.0NRT,294.32,3.48,D
21.10671,72.64536,336.44,0.47,0.4,2026-09-05,818,N,VIIRS,n,2.0NRT,281.68,7.04,D
21.7415,83.84051,331.26,0.55,0.51,2026-09-05,818,N,VIIRS,n,2.0NRT,293.72,5.4,D
21.74623,83.83998,341.98,0.55,0.51,2026-09-05,818,N,VIIRS,n,2.0NRT,294.07,5.4,D
21.74681,83.84541,343.02,0.55,0.51,2026-09-05,818,N,VIIRS,n,2.0NRT,293.86,13.65,D
21.75626,83.84433,336.65,0.55,0.51,2026-09-05,818,N,VIIRS,n,2.0NRT,294.06,11.19,D
21.92067,83.35186,334.17,0.51,0.49,2026-09-05,818,N,VIIRS,n,2.0NRT,294.02,7.73,D
22.3772,87.27846,333.8,0.46,0.64,2026-09-05,818,N,VIIRS,n,2.0NRT,290.72,6.49,D
22.831,69.52864,338.61,0.44,0.46,2026-09-05,818,N,VIIRS,n,2.0NRT,298.65,2.4,D
23.68271,86.39385,331.16,0.42,0.61,2026-09-05,818,N,VIIRS,n,2.0NRT,291.17,8.81,D
23.71049,86.45036,328.02,0.42,0.61,2026-09-05,818,N,VIIRS,n,2.0NRT,290.43,5,D
23.73798,86.4348,333.13,0.42,0.61,2026-09-05,818,N,VIIRS,n,2.0NRT,290.42,3.33,D
23.75821,86.40292,331.56,0.42,0.61,2026-09-05,818,N,VIIRS,n,2.0NRT,290.06,4.62,D
23.75978,86.40414,328.16,0.42,0.61,2026-09-05,818,N,VIIRS,n,2.0NRT,289.56,4.93,D
23.78617,85.55293,333.73,0.37,0.58,2026-09-05,818,N,VIIRS,n,2.0NRT,292.06,4.76,D
27.65105,68.4608,345.47,0.41,0.45,2026-09-05,820,N,VIIRS,n,2.0NRT,300.17,4.34,D
30.60174,73.64675,335.72,0.38,0.36,2026-09-05,820,N,VIIRS,n,2.0NRT,301.07,2.55,D
31.20992,73.72583,332.22,0.38,0.36,2026-09-05,820,N,VIIRS,l,2.0NRT,305.13,8.31,D
31.21054,73.72984,330.49,0.38,0.36,2026-09-05,820,N,VIIRS,l,2.0NRT,300.9,5.02,D
31.21322,73.72516,330.57,0.38,0.36,2026-09-05,820,N,VIIRS,l,2.0NRT,303.89,4.89,D
31.23082,75.08361,335.64,0.4,0.37,2026-09-05,820,N,VIIRS,n,2.0NRT,295.18,4.59,D
31.73204,74.48511,340.17,0.39,0.36,2026-09-05,822,N,VIIRS,n,2.0NRT,298.88,4.36,D
34.09272,72.01049,335.65,0.39,0.36,2026-09-05,822,N,VIIRS,n,2.0NRT,297,3.05,D
34.09602,72.00973,339.02,0.39,0.36,2026-09-05,822,N,VIIRS,n,2.0NRT,296.12,3.05,D
27.37908,95.33517,307.45,0.5,0.49,2026-09-05,1904,N,VIIRS,n,2.0NRT,280.23,0.85,N
20.86821,96.38884,301.43,0.54,0.42,2026-09-05,1906,N,VIIRS,n,2.0NRT,288.7,1.12,N
22.3653,87.01733,311.4,0.73,0.76,2026-09-05,1906,N,VIIRS,n,2.0NRT,285.76,3.35,N
22.37548,87.27741,315.33,0.7,0.75,2026-09-05,1906,N,VIIRS,n,2.0NRT,285.35,4.57,N
22.38052,87.27566,312.79,0.7,0.75,2026-09-05,1906,N,VIIRS,n,2.0NRT,285.85,3.53,N
23.55211,87.24216,311.64,0.72,0.76,2026-09-05,1906,N,VIIRS,n,2.0NRT,285.12,3.82,N
23.55509,87.23924,305.77,0.72,0.76,2026-09-05,1906,N,VIIRS,n,2.0NRT,285.16,4.18,N
23.61425,86.7878,303.11,0.77,0.77,2026-09-05,1906,N,VIIRS,n,2.0NRT,285.37,1.33,N
23.6648,87.15537,306.2,0.73,0.76,2026-09-05,1906,N,VIIRS,n,2.0NRT,285.59,1.48,N
23.6887,87.11978,306.73,0.73,0.76,2026-09-05,1906,N,VIIRS,n,2.0NRT,285.17,2.7,N
23.69161,87.117,309.44,0.74,0.76,2026-09-05,1906,N,VIIRS,n,2.0NRT,285.14,4.15,N
23.69583,87.12045,308.23,0.73,0.76,2026-09-05,1906,N,VIIRS,n,2.0NRT,285.22,2.7,N
23.69684,87.10555,302.82,0.74,0.76,2026-09-05,1906,N,VIIRS,n,2.0NRT,285.1,4.09,N
15.12367,94.78321,307.5,0.57,0.43,2026-09-05,1908,N,VIIRS,n,2.0NRT,289.41,2.34,N
15.1244,94.77791,308.39,0.57,0.43,2026-09-05,1908,N,VIIRS,n,2.0NRT,289.6,2.34,N
15.12766,94.78379,306.04,0.57,0.43,2026-09-05,1908,N,VIIRS,n,2.0NRT,289.54,2.13,N
15.12839,94.77849,308.77,0.57,0.43,2026-09-05,1908,N,VIIRS,n,2.0NRT,289.73,2.13,N
29.47524,76.8587,312.67,0.39,0.36,2026-09-05,2044,N,VIIRS,n,2.0NRT,292.14,0.88,N
31.25029,76.9273,306.11,0.4,0.37,2026-09-05,2044,N,VIIRS,n,2.0NRT,290.29,0.57,N
32.08572,74.16138,308.97,0.5,0.41,2026-09-05,2044,N,VIIRS,n,2.0NRT,293.28,1.04,N
32.10323,74.17525,307.41,0.5,0.41,2026-09-05,2044,N,VIIRS,n,2.0NRT,293.36,0.92,N
33.29705,71.18685,305.9,0.5,0.49,2026-09-05,2044,N,VIIRS,n,2.0NRT,289.53,0.8,N
33.80225,72.09641,303.68,0.45,0.47,2026-09-05,2044,N,VIIRS,n,2.0NRT,291.08,0.66,N
35.96627,68.68471,303.76,0.37,0.58,2026-09-05,2044,N,VIIRS,n,2.0NRT,290.62,1.37,N
15.02384,78.01737,309.76,0.49,0.4,2026-09-05,2046,N,VIIRS,n,2.0NRT,294.41,2.21,N
15.07068,76.86605,305.47,0.43,0.38,2026-09-05,2046,N,VIIRS,n,2.0NRT,292.31,2.19,N
15.13741,76.7094,307.17,0.43,0.38,2026-09-05,2046,N,VIIRS,n,2.0NRT,291.66,1.14,N
15.16829,76.67445,305.39,0.42,0.38,2026-09-05,2046,N,VIIRS,n,2.0NRT,292.09,0.73,N
15.16858,76.3791,314.2,0.41,0.37,2026-09-05,2046,N,VIIRS,n,2.0NRT,292.21,1.64,N
15.16894,76.67054,306.65,0.42,0.38,2026-09-05,2046,N,VIIRS,n,2.0NRT,292.39,0.73,N
15.17135,76.38354,305.11,0.41,0.37,2026-09-05,2046,N,VIIRS,n,2.0NRT,291.53,0.76,N
15.17255,76.69141,319.54,0.42,0.38,2026-09-05,2046,N,VIIRS,n,2.0NRT,292.3,2.3,N
15.17453,76.67966,305.76,0.42,0.38,2026-09-05,2046,N,VIIRS,n,2.0NRT,292.15,1.17,N
15.17463,76.78519,305.64,0.43,0.38,2026-09-05,2046,N,VIIRS,n,2.0NRT,291.85,2.58,N
15.17504,76.65553,312.27,0.42,0.38,2026-09-05,2046,N,VIIRS,n,2.0NRT,293.05,1.51,N
15.17519,76.67574,306.33,0.42,0.38,2026-09-05,2046,N,VIIRS,n,2.0NRT,291.78,1.16,N
15.17545,77.10278,306.89,0.44,0.38,2026-09-05,2046,N,VIIRS,n,2.0NRT,292.02,1.48,N
15.17783,76.66007,308.24,0.42,0.38,2026-09-05,2046,N,VIIRS,n,2.0NRT,292.41,1.51,N
15.17849,76.65616,318.32,0.42,0.38,2026-09-05,2046,N,VIIRS,n,2.0NRT,293.73,1.51,N
15.17865,76.67638,308.7,0.42,0.38,2026-09-05,2046,N,VIIRS,n,2.0NRT,293.14,2.25,N
15.17896,77.10342,307.02,0.44,0.38,2026-09-05,2046,N,VIIRS,n,2.0NRT,291.83,1.47,N
15.18062,76.66463,307.28,0.42,0.38,2026-09-05,2046,N,VIIRS,n,2.0NRT,292.43,1.48,N
15.18342,76.66917,318.33,0.42,0.38,2026-09-05,2046,N,VIIRS,n,2.0NRT,292.33,1.48,N
15.18408,76.66525,309.32,0.42,0.38,2026-09-05,2046,N,VIIRS,n,2.0NRT,291.73,1.48,N
15.18638,76.31535,313.8,0.41,0.37,2026-09-05,2046,N,VIIRS,n,2.0NRT,292.18,1.39,N
15.18671,76.64958,306.13,0.42,0.38,2026-09-05,2046,N,VIIRS,n,2.0NRT,292.46,1.58,N
15.22608,76.76495,308.86,0.43,0.38,2026-09-05,2046,N,VIIRS,n,2.0NRT,291.56,1.06,N
15.22675,76.76101,305.38,0.43,0.38,2026-09-05,2046,N,VIIRS,n,2.0NRT,291.57,1.06,N
15.3005,76.22136,303.55,0.41,0.37,2026-09-05,2046,N,VIIRS,n,2.0NRT,291.33,0.72,N
15.309,76.2541,302.96,0.41,0.37,2026-09-05,2046,N,VIIRS,n,2.0NRT,290.92,0.61,N
15.33179,76.28551,303.39,0.41,0.37,2026-09-05,2046,N,VIIRS,n,2.0NRT,291.01,0.84,N
15.3352,76.28614,312.29,0.41,0.37,2026-09-05,2046,N,VIIRS,n,2.0NRT,291.87,0.84,N
15.65858,73.99101,308.41,0.39,0.36,2026-09-05,2046,N,VIIRS,n,2.0NRT,289.16,0.59,N
15.65914,73.98743,304.12,0.39,0.36,2026-09-05,2046,N,VIIRS,n,2.0NRT,290.25,0.59,N
17.13956,77.17656,306.26,0.42,0.38,2026-09-05,2046,N,VIIRS,n,2.0NRT,293,1.56,N
17.14167,77.18513,308.39,0.42,0.38,2026-09-05,2046,N,VIIRS,n,2.0NRT,292.92,1.68,N
17.60749,83.20487,311.25,0.6,0.53,2026-09-05,2046,N,VIIRS,n,2.0NRT,289.69,2.84,N
17.61234,83.206,310.53,0.6,0.53,2026-09-05,2046,N,VIIRS,n,2.0NRT,289.95,2.84,N
17.95661,80.79498,302.11,0.42,0.45,2026-09-05,2046,N,VIIRS,n,2.0NRT,285.82,1.26,N
18.04078,74.8643,310.8,0.38,0.36,2026-09-05,2046,N,VIIRS,n,2.0NRT,290.71,0.83,N
20.75956,85.29154,300.22,0.36,0.57,2026-09-05,2046,N,VIIRS,n,2.0NRT,276.32,1.38,N
20.79357,85.26019,308.35,0.35,0.57,2026-09-05,2046,N,VIIRS,n,2.0NRT,287.49,2.35,N
20.79505,85.25336,334.7,0.35,0.57,2026-09-05,2046,N,VIIRS,n,2.0NRT,287.79,4.69,N
20.80538,85.25605,310.73,0.35,0.57,2026-09-05,2046,N,VIIRS,n,2.0NRT,288.14,2.3,N
20.86291,84.98999,332.66,0.34,0.56,2026-09-05,2046,N,VIIRS,n,2.0NRT,288.66,1.56,N
20.86363,84.98669,316.71,0.34,0.56,2026-09-05,2046,N,VIIRS,n,2.0NRT,288.39,2.97,N
20.8673,84.99452,308.75,0.34,0.56,2026-09-05,2046,N,VIIRS,n,2.0NRT,288.98,1.56,N
20.86803,84.99112,305.14,0.34,0.56,2026-09-05,2046,N,VIIRS,n,2.0NRT,288.57,1.56,N
20.88534,84.98534,305.67,0.34,0.56,2026-09-05,2046,N,VIIRS,n,2.0NRT,288.63,1.67,N
20.88604,84.98206,325.41,0.34,0.56,2026-09-05,2046,N,VIIRS,n,2.0NRT,288.97,1.67,N
20.95163,86.04891,315.49,0.39,0.6,2026-09-05,2046,N,VIIRS,n,2.0NRT,289.05,4.04,N
20.9525,86.045,320.13,0.39,0.6,2026-09-05,2046,N,VIIRS,n,2.0NRT,288.64,4.04,N
20.95564,85.01325,305.69,0.34,0.56,2026-09-05,2046,N,VIIRS,n,2.0NRT,288.22,1.33,N
20.95634,85.01005,303.16,0.34,0.56,2026-09-05,2046,N,VIIRS,n,2.0NRT,288.16,1.61,N
20.96087,86.00738,327.32,0.39,0.59,2026-09-05,2046,N,VIIRS,n,2.0NRT,288.37,3.85,N
20.96112,85.18789,314.48,0.35,0.57,2026-09-05,2046,N,VIIRS,n,2.0NRT,287.6,1.67,N
20.96185,85.18448,315.38,0.35,0.57,2026-09-05,2046,N,VIIRS,n,2.0NRT,287.37,4.52,N
20.9647,85.1712,303.06,0.35,0.57,2026-09-05,2046,N,VIIRS,n,2.0NRT,285.55,2.04,N
20.9654,85.16793,305.85,0.35,0.56,2026-09-05,2046,N,VIIRS,n,2.0NRT,286.58,2.04,N
20.96543,86.01258,329.65,0.39,0.59,2026-09-05,2046,N,VIIRS,n,2.0NRT,288.87,2.55,N
20.96611,85.16463,307.29,0.35,0.56,2026-09-05,2046,N,VIIRS,n,2.0NRT,287.47,1.93,N
20.96626,86.00883,319.76,0.39,0.59,2026-09-05,2046,N,VIIRS,n,2.0NRT,288.78,2.55,N
20.96627,85.18915,309.58,0.35,0.57,2026-09-05,2046,N,VIIRS,n,2.0NRT,288,1.67,N
20.96822,85.15479,307.93,0.35,0.56,2026-09-05,2046,N,VIIRS,n,2.0NRT,288.01,2.87,N
20.96894,85.15144,339.81,0.35,0.56,2026-09-05,2046,N,VIIRS,n,2.0NRT,288.69,5.08,N
20.96912,85.1758,318.77,0.35,0.57,2026-09-05,2046,N,VIIRS,n,2.0NRT,288.11,4.27,N
20.96983,85.17253,335.81,0.35,0.57,2026-09-05,2046,N,VIIRS,n,2.0NRT,288.32,2.04,N
20.97081,86.01405,327.75,0.39,0.59,2026-09-05,2046,N,VIIRS,n,2.0NRT,289.02,2.55,N
20.97165,86.01027,305.74,0.39,0.59,2026-09-05,2046,N,VIIRS,n,2.0NRT,289.26,2.55,N
20.97332,86.00273,307.13,0.39,0.59,2026-09-05,2046,N,VIIRS,n,2.0NRT,288.82,5.04,N
20.97495,85.17385,310.9,0.35,0.57,2026-09-05,2046,N,VIIRS,n,2.0NRT,287.89,1.44,N
20.97565,85.17059,311.04,0.35,0.56,2026-09-05,2046,N,VIIRS,n,2.0NRT,287.42,1.44,N
20.97636,85.1673,307.05,0.35,0.56,2026-09-05,2046,N,VIIRS,n,2.0NRT,287.84,1.86,N
20.97758,85.13626,310.46,0.35,0.56,2026-09-05,2046,N,VIIRS,n,2.0NRT,288.32,1.68,N
20.97829,85.13296,306.72,0.35,0.56,2026-09-05,2046,N,VIIRS,n,2.0NRT,288.96,2.12,N
20.98341,85.13425,304.37,0.35,0.56,2026-09-05,2046,N,VIIRS,n,2.0NRT,287.74,1.44,N
21.00243,86.02597,306.67,0.39,0.59,2026-09-05,2046,N,VIIRS,n,2.0NRT,288.82,3.58,N
21.33674,78.97054,306.77,0.45,0.39,2026-09-05,2046,N,VIIRS,n,2.0NRT,287.46,1.04,N
21.57817,82.02279,298.05,0.43,0.46,2026-09-05,2046,N,VIIRS,n,2.0NRT,285.6,1.82,N
21.96996,85.3136,301.33,0.34,0.56,2026-09-05,2046,N,VIIRS,n,2.0NRT,286.98,1.69,N
22.05124,88.12263,306.46,0.5,0.66,2026-09-05,2046,N,VIIRS,n,2.0NRT,287.53,1.99,N
22.05524,88.12738,308.96,0.5,0.66,2026-09-05,2046,N,VIIRS,n,2.0NRT,287.38,1.6,N
22.05639,88.1225,304.22,0.5,0.66,2026-09-05,2046,N,VIIRS,n,2.0NRT,287.22,1.6,N
22.05721,88.12426,307.72,0.5,0.66,2026-09-05,2046,N,VIIRS,n,2.0NRT,287.52,1.99,N
22.20868,84.86357,304.19,0.63,0.54,2026-09-05,2046,N,VIIRS,n,2.0NRT,288.58,3.01,N
22.24478,87.38964,305.49,0.45,0.63,2026-09-05,2046,N,VIIRS,n,2.0NRT,288.62,0.71,N
22.36147,87.01765,309.38,0.42,0.61,2026-09-05,2046,N,VIIRS,n,2.0NRT,289.41,1.12,N
22.36242,87.30013,305.66,0.44,0.62,2026-09-05,2046,N,VIIRS,n,2.0NRT,288.63,1.39,N
22.36706,87.01907,313.72,0.42,0.61,2026-09-05,2046,N,VIIRS,n,2.0NRT,289.89,1.12,N
22.36731,87.30403,309.19,0.44,0.62,2026-09-05,2046,N,VIIRS,n,2.0NRT,288.63,2.06,N
22.36808,87.30167,310.24,0.44,0.62,2026-09-05,2046,N,VIIRS,n,2.0NRT,288.1,2.1,N
22.36829,87.29976,309.34,0.44,0.62,2026-09-05,2046,N,VIIRS,n,2.0NRT,286.86,1.67,N
22.36908,87.2974,304.62,0.44,0.62,2026-09-05,2046,N,VIIRS,n,2.0NRT,284.39,0.53,N
22.37874,87.28191,307.02,0.44,0.62,2026-09-05,2046,N,VIIRS,n,2.0NRT,284.97,1.08,N
22.37881,87.27996,318.15,0.44,0.62,2026-09-05,2046,N,VIIRS,n,2.0NRT,285.4,2.47,N
22.37973,87.27766,308.18,0.44,0.62,2026-09-05,2046,N,VIIRS,n,2.0NRT,284.46,1.08,N
22.57162,85.89843,310.28,0.36,0.57,2026-09-05,2046,N,VIIRS,n,2.0NRT,288.88,1.39,N
22.57186,85.89901,307.13,0.36,0.57,2026-09-05,2046,N,VIIRS,n,2.0NRT,288.97,1.32,N
22.57237,85.89508,312.43,0.36,0.57,2026-09-05,2046,N,VIIRS,n,2.0NRT,288.9,1.39,N
22.5726,85.89563,315.04,0.36,0.57,2026-09-05,2046,N,VIIRS,n,2.0NRT,289.31,1.32,N
22.57314,85.89168,307.27,0.36,0.57,2026-09-05,2046,N,VIIRS,n,2.0NRT,289.17,1.6,N
22.57335,85.89222,307.09,0.36,0.57,2026-09-05,2046,N,VIIRS,n,2.0NRT,289.03,1.64,N
22.59233,85.90408,305.92,0.36,0.57,2026-09-05,2046,N,VIIRS,n,2.0NRT,288.9,0.78,N
22.61234,85.91286,304.85,0.36,0.57,2026-09-05,2046,N,VIIRS,n,2.0NRT,288.86,0.63,N
22.78704,86.20657,336.36,0.37,0.58,2026-09-05,2046,N,VIIRS,n,2.0NRT,289.55,2.71,N
22.78784,86.20303,309.19,0.37,0.58,2026-09-05,2046,N,VIIRS,n,2.0NRT,289.34,2.71,N
22.78863,86.19949,306,0.37,0.58,2026-09-05,2046,N,VIIRS,n,2.0NRT,289.8,1.26,N
22.78942,86.19597,308.1,0.37,0.58,2026-09-05,2046,N,VIIRS,n,2.0NRT,289.55,1.26,N
22.7975,86.20966,308.81,0.37,0.58,2026-09-05,2046,N,VIIRS,n,2.0NRT,288.97,1.44,N
22.79832,86.20602,319.84,0.37,0.58,2026-09-05,2046,N,VIIRS,n,2.0NRT,288.96,1.44,N
22.80193,86.09046,314.38,0.36,0.58,2026-09-05,2046,N,VIIRS,n,2.0NRT,289.31,2.09,N
22.87299,86.06194,318,0.36,0.57,2026-09-05,2046,N,VIIRS,n,2.0NRT,289.02,1.62,N
22.87387,86.06493,304.88,0.36,0.57,2026-09-05,2046,N,VIIRS,n,2.0NRT,288.81,0.9,N
22.87465,86.06137,308.9,0.36,0.57,2026-09-05,2046,N,VIIRS,n,2.0NRT,288.82,0.9,N
23.5474,86.53539,301.35,0.37,0.58,2026-09-05,2046,N,VIIRS,n,2.0NRT,280.35,0.53,N
23.64866,85.44,299.87,0.32,0.54,2026-09-05,2046,N,VIIRS,n,2.0NRT,274.08,0.32,N
23.64934,85.43687,299.05,0.32,0.54,2026-09-05,2046,N,VIIRS,n,2.0NRT,271.74,0.32,N
23.65503,85.5074,307.41,0.32,0.55,2026-09-05,2046,N,VIIRS,n,2.0NRT,283.93,1.06,N
23.65894,85.50828,303.09,0.32,0.55,2026-09-05,2046,N,VIIRS,n,2.0NRT,285.19,1.23,N
23.66264,87.15807,305.04,0.41,0.6,2026-09-05,2046,N,VIIRS,n,2.0NRT,280.27,2.21,N
23.66354,87.15416,309.16,0.41,0.6,2026-09-05,2046,N,VIIRS,n,2.0NRT,280.21,2.85,N
23.67692,86.08581,305.12,0.35,0.57,2026-09-05,2046,N,VIIRS,n,2.0NRT,277.3,1.1,N
23.67832,86.39969,311.12,0.36,0.58,2026-09-05,2046,N,VIIRS,n,2.0NRT,288.74,3.47,N
23.67911,86.39612,308.56,0.36,0.58,2026-09-05,2046,N,VIIRS,n,2.0NRT,288.37,1.9,N
23.67989,86.39262,310.41,0.36,0.58,2026-09-05,2046,N,VIIRS,n,2.0NRT,287.59,1.9,N
23.68052,86.094,301.32,0.35,0.57,2026-09-05,2046,N,VIIRS,n,2.0NRT,274.43,0.93,N
23.68354,86.3924,317.36,0.36,0.58,2026-09-05,2046,N,VIIRS,n,2.0NRT,287.63,4.39,N
23.69034,86.43555,303.17,0.37,0.58,2026-09-05,2046,N,VIIRS,n,2.0NRT,281.46,0.77,N
23.69439,85.372,308.29,0.63,0.54,2026-09-05,2046,N,VIIRS,n,2.0NRT,279.18,3.4,N
23.6945,85.37199,309.93,0.63,0.54,2026-09-05,2046,N,VIIRS,n,2.0NRT,281.38,3.98,N
23.69453,86.07994,302.22,0.35,0.57,2026-09-05,2046,N,VIIRS,n,2.0NRT,272.29,0.75,N
23.70117,86.07451,298.32,0.35,0.57,2026-09-05,2046,N,VIIRS,n,2.0NRT,266.21,0.77,N
23.70973,86.44808,315.23,0.37,0.58,2026-09-05,2046,N,VIIRS,n,2.0NRT,285.54,2.15,N
23.71498,86.44942,307.91,0.37,0.58,2026-09-05,2046,N,VIIRS,n,2.0NRT,284.92,2.22,N
23.73551,86.43227,309.67,0.37,0.58,2026-09-05,2046,N,VIIRS,n,2.0NRT,276.83,1.68,N
23.74075,86.43363,304.09,0.37,0.58,2026-09-05,2046,N,VIIRS,n,2.0NRT,278.08,1.41,N
23.75568,85.85284,304.07,0.34,0.56,2026-09-05,2046,N,VIIRS,n,2.0NRT,277.94,0.97,N
23.75916,86.40092,297.2,0.36,0.58,2026-09-05,2046,N,VIIRS,n,2.0NRT,258.38,1.87,N
23.78521,85.55125,307.79,0.32,0.55,2026-09-05,2046,N,VIIRS,n,2.0NRT,282.31,0.87,N
23.79019,85.55246,308.47,0.32,0.55,2026-09-05,2046,N,VIIRS,n,2.0NRT,282.49,0.87,N
24.44885,83.0391,300.77,0.44,0.46,2026-09-05,2046,N,VIIRS,n,2.0NRT,280.08,0.66,N
25.38617,68.58049,306.42,0.57,0.52,2026-09-05,2046,N,VIIRS,n,2.0NRT,294.73,1.89,N
25.38985,68.5817,309.94,0.57,0.52,2026-09-05,2046,N,VIIRS,n,2.0NRT,294.74,1.86,N
26.75865,83.20107,303.4,0.41,0.45,2026-09-05,2046,N,VIIRS,n,2.0NRT,284.8,1.1,N
8.12086,80.55772,304.17,0.6,0.53,2026-09-05,2049,N,VIIRS,n,2.0NRT,284.69,1.13,N
11.6361,77.65678,327.2,0.52,0.41,2026-09-05,2049,N,VIIRS,n,2.0NRT,290.59,2.4,N
12.62502,79.78784,308.38,0.44,0.46,2026-09-05,2049,N,VIIRS,n,2.0NRT,289.72,1.63,N
13.16061,80.2888,315.1,0.47,0.48,2026-09-05,2049,N,VIIRS,n,2.0NRT,289.67,1.1,N
13.16123,80.28672,323.74,0.47,0.48,2026-09-05,2049,N,VIIRS,n,2.0NRT,289.72,2.49,N
13.16142,80.28448,309.21,0.47,0.48,2026-09-05,2049,N,VIIRS,n,2.0NRT,289.81,1.99,N
13.41842,75.98045,306.9,0.42,0.37,2026-09-05,2049,N,VIIRS,n,2.0NRT,291.32,0.73,N
13.71024,79.61983,308.48,0.42,0.45,2026-09-05,2049,N,VIIRS,n,2.0NRT,293.37,1.7,N
13.89843,76.56497,313.55,0.43,0.38,2026-09-05,2049,N,VIIRS,n,2.0NRT,293.28,1.25,N
14.15012,77.59451,305.37,0.48,0.4,2026-09-05,2049,N,VIIRS,n,2.0NRT,293.27,1.16,N
14.15089,77.59003,320.11,0.48,0.4,2026-09-05,2049,N,VIIRS,n,2.0NRT,293.75,2.02,N
17.60913,83.20568,317.89,0.6,0.53,2026-09-05,2049,N,VIIRS,n,2.0NRT,290.33,6.72,N
17.6949,83.24507,309.35,0.6,0.53,2026-09-05,2049,N,VIIRS,n,2.0NRT,290.69,3.38,N
18.71578,79.54022,308.94,0.52,0.41,2026-09-05,2049,N,VIIRS,n,2.0NRT,290.52,1.46,N
18.72045,79.53607,307.44,0.52,0.41,2026-09-05,2049,N,VIIRS,n,2.0NRT,290.76,1.46,N
19.09932,82.16781,317.65,0.49,0.48,2026-09-05,2049,N,VIIRS,n,2.0NRT,288.78,3.2,N
19.10373,82.16882,307.37,0.49,0.48,2026-09-05,2049,N,VIIRS,n,2.0NRT,289.24,1.32,N
20.65857,78.49527,304.78,0.44,0.38,2026-09-05,2049,N,VIIRS,n,2.0NRT,289.97,0.7,N
20.90938,71.45822,311.03,0.51,0.41,2026-09-05,2049,N,VIIRS,n,2.0NRT,293.48,1.45,N
21.1028,72.63883,305.88,0.45,0.39,2026-09-05,2049,N,VIIRS,n,2.0NRT,292.33,4.18,N
21.10341,72.63448,327.06,0.45,0.39,2026-09-05,2049,N,VIIRS,n,2.0NRT,292.52,5.41,N
21.10517,72.6481,316.64,0.45,0.39,2026-09-05,2049,N,VIIRS,n,2.0NRT,294.04,6.41,N
21.10577,72.64375,331.2,0.45,0.39,2026-09-05,2049,N,VIIRS,n,2.0NRT,294.54,8.99,N
21.11057,72.63561,313.66,0.45,0.39,2026-09-05,2049,N,VIIRS,n,2.0NRT,293.99,4.62,N
27.85909,95.18375,328.42,0.32,0.55,2026-09-06,620,N,VIIRS,n,2.0NRT,289.01,2.18,D
27.85981,95.18361,327.99,0.32,0.55,2026-09-06,620,N,VIIRS,n,2.0NRT,289.13,1.57,D
27.87185,96.92667,355.9,0.51,0.49,2026-09-06,620,N,VIIRS,n,2.0NRT,293.57,13.81,D
27.87505,96.91943,330.24,0.51,0.49,2026-09-06,620,N,VIIRS,n,2.0NRT,293.34,5.64,D
27.87594,96.92361,352.66,0.51,0.49,2026-09-06,620,N,VIIRS,n,2.0NRT,292.76,13.81,D
27.88107,96.92548,340,0.51,0.49,2026-09-06,620,N,VIIRS,n,2.0NRT,292.87,5.9,D
8.00894,81.30312,331.75,0.45,0.39,2026-09-06,756,N,VIIRS,n,2.0NRT,297.93,2.97,D
8.01671,81.30602,337.18,0.45,0.39,2026-09-06,756,N,VIIRS,l,2.0NRT,299.87,9.02,D
8.02274,80.63313,340.91,0.48,0.4,2026-09-06,756,N,VIIRS,l,2.0NRT,300.64,11.54,D
8.03835,80.35418,341.72,0.5,0.41,2026-09-06,756,N,VIIRS,n,2.0NRT,296.93,7.63,D
8.08336,80.1761,336.55,0.51,0.41,2026-09-06,756,N,VIIRS,n,2.0NRT,298.36,8.84,D
8.11108,80.60191,333.84,0.48,0.4,2026-09-06,756,N,VIIRS,l,2.0NRT,300.27,4.13,D
8.12533,80.55049,332.17,0.48,0.4,2026-09-06,756,N,VIIRS,l,2.0NRT,302.12,5.23,D
8.15541,80.45531,335.29,0.49,0.4,2026-09-06,756,N,VIIRS,n,2.0NRT,299.82,7.45,D
8.22669,80.60183,335.12,0.48,0.4,2026-09-06,756,N,VIIRS,l,2.0NRT,299.46,4.55,D
8.22726,80.32596,334.35,0.49,0.41,2026-09-06,756,N,VIIRS,n,2.0NRT,296.89,2.74,D
8.23099,80.32535,335.4,0.49,0.41,2026-09-06,756,N,VIIRS,n,2.0NRT,296.16,2.74,D
8.2361,80.16422,336.92,0.5,0.41,2026-09-06,756,N,VIIRS,l,2.0NRT,300.06,5.42,D
8.23612,80.1665,338.29,0.5,0.41,2026-09-06,756,N,VIIRS,l,2.0NRT,299.55,6,D
8.25071,80.2575,331.3,0.5,0.41,2026-09-06,756,N,VIIRS,l,2.0NRT,299.64,4.58,D
8.255,80.25446,334.57,0.5,0.41,2026-09-06,756,N,VIIRS,l,2.0NRT,299.29,4.7,D
8.25819,80.25628,337.49,0.5,0.41,2026-09-06,756,N,VIIRS,l,2.0NRT,299.47,8.63,D
8.26466,80.15013,332.6,0.5,0.41,2026-09-06,756,N,VIIRS,l,2.0NRT,295.15,1.55,D
8.26842,80.14952,346.01,0.5,0.41,2026-09-06,756,N,VIIRS,n,2.0NRT,297.91,10.91,D
8.27718,81.00146,331.91,0.46,0.39,2026-09-06,756,N,VIIRS,l,2.0NRT,297.76,8.12,D
8.29321,80.18297,340.21,0.5,0.41,2026-09-06,756,N,VIIRS,n,2.0NRT,298.89,9.1,D
8.29433,80.57742,331.23,0.48,0.4,2026-09-06,756,N,VIIRS,l,2.0NRT,296.58,15.45,D
8.30794,81.00919,332.94,0.46,0.39,2026-09-06,756,N,VIIRS,n,2.0NRT,296.67,5.61,D
8.36934,80.17639,338.25,0.5,0.41,2026-09-06,756,N,VIIRS,l,2.0NRT,294.62,12.84,D
8.40032,80.43282,349.45,0.49,0.4,2026-09-06,756,N,VIIRS,l,2.0NRT,301.27,14.49,D
8.42356,80.34282,332.46,0.49,0.4,2026-09-06,756,N,VIIRS,n,2.0NRT,297.82,4.74,D
8.4589,80.62856,335.02,0.47,0.4,2026-09-06,756,N,VIIRS,l,2.0NRT,298.1,6.95,D
8.47988,80.45582,333.2,0.48,0.4,2026-09-06,756,N,VIIRS,l,2.0NRT,298.07,5.17,D
8.48052,80.82955,340.74,0.46,0.39,2026-09-06,756,N,VIIRS,l,2.0NRT,302.42,12.26,D
8.48561,80.74661,333.16,0.47,0.4,2026-09-06,756,N,VIIRS,l,2.0NRT,302.15,6.65,D
8.4977,80.24945,349.04,0.49,0.41,2026-09-06,756,N,VIIRS,n,2.0NRT,300.89,15.55,D
8.50583,80.82543,345.18,0.46,0.39,2026-09-06,756,N,VIIRS,l,2.0NRT,303.37,15.74,D
8.50974,80.18266,335.74,0.5,0.41,2026-09-06,756,N,VIIRS,l,2.0NRT,294.4,23.97,D
8.51251,80.54554,331.71,0.48,0.4,2026-09-06,756,N,VIIRS,l,2.0NRT,296.75,3.9,D
8.51295,80.54437,332.69,0.48,0.4,2026-09-06,756,N,VIIRS,n,2.0NRT,295.51,3.69,D
8.51461,80.60179,354.81,0.47,0.4,2026-09-06,756,N,VIIRS,n,2.0NRT,301.69,13.37,D
8.51488,80.78951,340.7,0.46,0.39,2026-09-06,756,N,VIIRS,l,2.0NRT,299.95,7.49,D
8.51827,80.60117,367,0.47,0.4,2026-09-06,756,N,VIIRS,h,2.0NRT,301.36,18.88,D
8.53316,80.83387,343.15,0.46,0.39,2026-09-06,756,N,VIIRS,n,2.0NRT,298.66,10.43,D
8.56329,80.62575,340.26,0.47,0.4,2026-09-06,756,N,VIIRS,l,2.0NRT,301.67,11.53,D
8.5646,80.74776,343.58,0.47,0.39,2026-09-06,756,N,VIIRS,l,2.0NRT,300.17,40.67,D
8.60105,80.55779,345.36,0.48,0.4,2026-09-06,756,N,VIIRS,l,2.0NRT,299.55,17.5,D
8.61943,80.69527,333.64,0.47,0.4,2026-09-06,756,N,VIIRS,l,2.0NRT,299.75,7.65,D
8.62829,80.68075,330.67,0.47,0.4,2026-09-06,756,N,VIIRS,l,2.0NRT,300.46,8.73,D
8.63712,80.64507,330.48,0.47,0.4,2026-09-06,756,N,VIIRS,l,2.0NRT,300.83,5.86,D
8.63741,80.64435,330.11,0.47,0.4,2026-09-06,756,N,VIIRS,l,2.0NRT,300.41,4.35,D
8.64313,78.06151,334.8,0.44,0.46,2026-09-06,756,N,VIIRS,n,2.0NRT,298.2,3.63,D
8.64496,78.06096,334.28,0.44,0.46,2026-09-06,756,N,VIIRS,n,2.0NRT,298.39,3.84,D
8.64888,80.62563,335,0.47,0.4,2026-09-06,756,N,VIIRS,l,2.0NRT,298.56,6.18,D
8.65905,80.50457,345.93,0.48,0.4,2026-09-06,756,N,VIIRS,n,2.0NRT,297.52,10.58,D
8.69569,77.7998,344.6,0.46,0.47,2026-09-06,756,N,VIIRS,n,2.0NRT,299.54,12.9,D
8.69938,80.40393,335.76,0.48,0.4,2026-09-06,756,N,VIIRS,n,2.0NRT,298.17,6.06,D
8.74934,80.53089,339.58,0.48,0.4,2026-09-06,756,N,VIIRS,l,2.0NRT,301.56,11.42,D
8.75005,80.53522,338.42,0.48,0.4,2026-09-06,756,N,VIIRS,l,2.0NRT,300.56,16.54,D
8.75129,77.44485,343.06,0.48,0.48,2026-09-06,756,N,VIIRS,n,2.0NRT,299.3,6.9,D
8.78857,80.56424,331.8,0.47,0.4,2026-09-06,756,N,VIIRS,n,2.0NRT,295.9,5.45,D
8.7964,80.58931,345.2,0.47,0.4,2026-09-06,756,N,VIIRS,n,2.0NRT,298.48,7.92,D
8.89297,80.58804,339.2,0.47,0.4,2026-09-06,756,N,VIIRS,l,2.0NRT,300.99,11.58,D
8.89856,80.87868,333.91,0.46,0.39,2026-09-06,756,N,VIIRS,n,2.0NRT,298.42,4.45,D
8.89988,80.87962,330.52,0.46,0.39,2026-09-06,756,N,VIIRS,l,2.0NRT,297.62,5.99,D
8.91521,80.44745,345.28,0.48,0.4,2026-09-06,756,N,VIIRS,n,2.0NRT,296.84,6.67,D
8.92181,80.53501,334.74,0.47,0.4,2026-09-06,756,N,VIIRS,l,2.0NRT,294.82,7.21,D
8.94726,80.80805,330.28,0.46,0.39,2026-09-06,756,N,VIIRS,l,2.0NRT,296.71,4.81,D
8.95371,80.87083,333.82,0.46,0.39,2026-09-06,756,N,VIIRS,n,2.0NRT,296.18,4.19,D
8.97766,80.79027,330.64,0.46,0.39,2026-09-06,756,N,VIIRS,l,2.0NRT,299.52,10.07,D
8.99992,80.78308,342.03,0.46,0.39,2026-09-06,756,N,VIIRS,n,2.0NRT,295.46,7,D
9.21651,80.32494,334.09,0.48,0.4,2026-09-06,756,N,VIIRS,l,2.0NRT,297.82,8.53,D
9.23311,78.75137,337.36,0.39,0.44,2026-09-06,756,N,VIIRS,n,2.0NRT,297.91,2.59,D
9.37995,80.32283,337.54,0.48,0.4,2026-09-06,756,N,VIIRS,n,2.0NRT,298.09,8.4,D
9.38268,80.52093,330.96,0.47,0.4,2026-09-06,756,N,VIIRS,l,2.0NRT,294.06,7.72,D
9.69221,77.82102,340.85,0.44,0.46,2026-09-06,756,N,VIIRS,n,2.0NRT,294.22,4.64,D
9.78295,77.51691,340.9,0.46,0.47,2026-09-06,756,N,VIIRS,n,2.0NRT,289.11,10.03,D
11.19149,79.82079,338.01,0.48,0.4,2026-09-06,756,N,VIIRS,n,2.0NRT,293.68,6.32,D
11.73491,76.77407,338.02,0.48,0.48,2026-09-06,756,N,VIIRS,n,2.0NRT,295.97,6.41,D
14.64825,75.44234,340.81,0.52,0.5,2026-09-06,758,N,VIIRS,n,2.0NRT,296.4,4.6,D
14.76573,77.04627,346.38,0.41,0.45,2026-09-06,758,N,VIIRS,n,2.0NRT,304.13,5.72,D
14.90104,77.50089,342.54,0.38,0.43,2026-09-06,758,N,VIIRS,n,2.0NRT,298.4,7,D
15.08584,77.31924,341.72,0.39,0.44,2026-09-06,758,N,VIIRS,n,2.0NRT,300.95,7.01,D
15.17639,76.65804,330.31,0.43,0.46,2026-09-06,758,N,VIIRS,l,2.0NRT,301.52,4.81,D
15.18268,76.66901,335.64,0.43,0.46,2026-09-06,758,N,VIIRS,n,2.0NRT,301.2,4.48,D
17.24984,78.81324,332.6,0.46,0.39,2026-09-06,758,N,VIIRS,n,2.0NRT,299,4.69,D
17.31903,82.25283,335.47,0.38,0.36,2026-09-06,758,N,VIIRS,n,2.0NRT,297.73,3.74,D
17.6088,83.20451,330.67,0.4,0.37,2026-09-06,758,N,VIIRS,n,2.0NRT,297.88,4.73,D
18.31238,82.37919,333.51,0.39,0.36,2026-09-06,758,N,VIIRS,n,2.0NRT,298.13,2.64,D
18.70286,72.34399,327.4,0.35,0.56,2026-09-06,758,N,VIIRS,n,2.0NRT,290.85,1.7,D
19.33445,83.43093,334.55,0.41,0.37,2026-09-06,758,N,VIIRS,n,2.0NRT,302.13,3.33,D
20.53382,85.9104,336.89,0.54,0.42,2026-09-06,758,N,VIIRS,n,2.0NRT,292.52,7,D
20.96956,86.01638,333.55,0.56,0.43,2026-09-06,758,N,VIIRS,n,2.0NRT,296.57,7.92,D
21.10245,72.63563,335.21,0.6,0.53,2026-09-06,801,N,VIIRS,n,2.0NRT,291.91,7.51,D
21.10482,72.64702,334.96,0.6,0.53,2026-09-06,801,N,VIIRS,n,2.0NRT,294.61,6.89,D
22.35737,82.30364,340.16,0.4,0.37,2026-09-06,801,N,VIIRS,n,2.0NRT,298.83,7.02,D
22.36074,82.30308,335.18,0.4,0.37,2026-09-06,801,N,VIIRS,n,2.0NRT,297.5,4.18,D
22.78975,86.19833,330.22,0.4,0.44,2026-09-06,801,N,VIIRS,n,2.0NRT,295.19,4.84,D
23.63325,70.43996,335.41,0.36,0.58,2026-09-06,801,N,VIIRS,n,2.0NRT,295.9,4.13,D
24.1597,82.56544,335.99,0.42,0.38,2026-09-06,801,N,VIIRS,n,2.0NRT,294.03,3.44,D
25.70847,73.58088,331.75,0.43,0.46,2026-09-06,801,N,VIIRS,n,2.0NRT,298.37,2.5,D
26.63973,72.26364,339.78,0.49,0.49,2026-09-06,803,N,VIIRS,n,2.0NRT,302.25,3.86,D
27.64392,69.48135,340.12,0.34,0.56,2026-09-06,803,N,VIIRS,n,2.0NRT,302.18,2.23,D
27.9254,69.84502,347.18,0.32,0.55,2026-09-06,803,N,VIIRS,n,2.0NRT,302.92,2.71,D
27.92614,69.84824,342.67,0.32,0.55,2026-09-06,803,N,VIIRS,n,2.0NRT,302.05,2.71,D
30.8377,72.16951,331.87,0.41,0.45,2026-09-06,803,N,VIIRS,n,2.0NRT,298.45,2.38,D
31.20359,72.1606,330.81,0.41,0.45,2026-09-06,803,N,VIIRS,l,2.0NRT,301.76,1.24,D
30.06614,96.97713,301.81,0.42,0.61,2026-09-06,1843,N,VIIRS,n,2.0NRT,284.61,1.37,N
27.37661,95.33383,307.74,0.49,0.65,2026-09-06,1845,N,VIIRS,n,2.0NRT,285.68,1.04,N
27.37713,95.33389,307.77,0.49,0.65,2026-09-06,1845,N,VIIRS,n,2.0NRT,285.43,0.49,N
27.31435,95.26549,304.05,0.53,0.67,2026-09-06,2025,N,VIIRS,n,2.0NRT,285.67,0.36,N
27.3204,95.2675,308.85,0.53,0.67,2026-09-06,2025,N,VIIRS,n,2.0NRT,285.52,0.96,N
27.45938,95.47556,301.79,0.54,0.68,2026-09-06,2025,N,VIIRS,n,2.0NRT,284.79,0.45,N
27.60275,95.40074,302.75,0.53,0.67,2026-09-06,2025,N,VIIRS,n,2.0NRT,285.56,0.71,N
28.34537,77.22824,313.79,0.55,0.43,2026-09-06,2025,N,VIIRS,n,2.0NRT,291.85,1.68,N
29.47619,76.85919,304.71,0.4,0.44,2026-09-06,2025,N,VIIRS,n,2.0NRT,292.68,2.08,N
29.47667,76.85507,333.33,0.4,0.44,2026-09-06,2025,N,VIIRS,n,2.0NRT,292.41,2.08,N
32.57378,72.56132,307.12,0.38,0.59,2026-09-06,2025,N,VIIRS,n,2.0NRT,293.46,1.3,N
33.68644,72.71115,307.02,0.38,0.59,2026-09-06,2025,N,VIIRS,n,2.0NRT,292.78,0.76,N
17.60352,83.2003,306.86,0.47,0.4,2026-09-06,2027,N,VIIRS,n,2.0NRT,288.38,1.62,N
17.60715,83.201,309.76,0.47,0.4,2026-09-06,2027,N,VIIRS,n,2.0NRT,288.37,2.44,N
17.61002,83.20612,320.93,0.47,0.4,2026-09-06,2027,N,VIIRS,n,2.0NRT,288.29,2.1,N
17.95553,80.79343,308.84,0.39,0.36,2026-09-06,2027,N,VIIRS,n,2.0NRT,285.86,1.46,N
17.95826,80.7977,304.07,0.39,0.36,2026-09-06,2027,N,VIIRS,n,2.0NRT,284.37,0.6,N
17.95887,80.79402,304.76,0.39,0.36,2026-09-06,2027,N,VIIRS,n,2.0NRT,284.02,0.76,N
18.71518,79.53973,307.53,0.39,0.36,2026-09-06,2027,N,VIIRS,n,2.0NRT,293.84,1.5,N
18.71906,79.53666,312.58,0.39,0.36,2026-09-06,2027,N,VIIRS,n,2.0NRT,294.49,1.7,N
18.72028,79.507,323.64,0.39,0.36,2026-09-06,2027,N,VIIRS,n,2.0NRT,293.83,2.51,N
19.09155,82.1703,309.99,0.42,0.37,2026-09-06,2027,N,VIIRS,n,2.0NRT,290.52,1.04,N
19.09906,82.16767,326.96,0.42,0.37,2026-09-06,2027,N,VIIRS,n,2.0NRT,290.99,3.86,N
19.10248,82.16832,312.58,0.42,0.37,2026-09-06,2027,N,VIIRS,n,2.0NRT,291.66,1.76,N
19.10314,82.16439,326.72,0.42,0.37,2026-09-06,2027,N,VIIRS,n,2.0NRT,290.28,1.34,N
19.9218,79.11452,308.01,0.39,0.36,2026-09-06,2027,N,VIIRS,n,2.0NRT,293.39,1.9,N
19.92946,79.12298,305.97,0.39,0.36,2026-09-06,2027,N,VIIRS,n,2.0NRT,293.11,1.38,N
19.93615,73.71325,306.27,0.47,0.47,2026-09-06,2027,N,VIIRS,n,2.0NRT,288.62,0.58,N
19.9623,79.33501,317.82,0.39,0.36,2026-09-06,2027,N,VIIRS,n,2.0NRT,292.43,1.46,N
20.53322,85.9088,306.94,0.4,0.44,2026-09-06,2027,N,VIIRS,n,2.0NRT,288.89,1.8,N
20.69544,78.63868,309.14,0.41,0.37,2026-09-06,2027,N,VIIRS,n,2.0NRT,292.2,0.96,N
20.75904,85.29414,310.14,0.55,0.43,2026-09-06,2027,N,VIIRS,n,2.0NRT,290.58,5.01,N
20.78524,85.26192,307.14,0.55,0.42,2026-09-06,2027,N,VIIRS,n,2.0NRT,290.34,4.31,N
20.79493,85.25308,339.28,0.54,0.42,2026-09-06,2027,N,VIIRS,n,2.0NRT,290.53,9.48,N
20.86333,84.99149,316.18,0.53,0.42,2026-09-06,2027,N,VIIRS,n,2.0NRT,291.13,2.32,N
20.86426,84.9864,318.65,0.53,0.42,2026-09-06,2027,N,VIIRS,n,2.0NRT,290.68,2.23,N
20.86714,84.99224,309.09,0.53,0.42,2026-09-06,2027,N,VIIRS,n,2.0NRT,291.07,2.81,N
20.88511,84.98045,308.02,0.52,0.42,2026-09-06,2027,N,VIIRS,n,2.0NRT,290.78,1.53,N
20.8889,84.98129,313.53,0.52,0.42,2026-09-06,2027,N,VIIRS,n,2.0NRT,290.98,1.53,N
20.96206,86.01067,312.43,0.4,0.44,2026-09-06,2027,N,VIIRS,n,2.0NRT,290.34,3.82,N
20.96279,86.00687,338.88,0.4,0.44,2026-09-06,2027,N,VIIRS,n,2.0NRT,290.58,3.82,N
20.96609,86.0116,326.24,0.4,0.44,2026-09-06,2027,N,VIIRS,n,2.0NRT,290.33,3.82,N
20.97011,86.01249,323.26,0.4,0.44,2026-09-06,2027,N,VIIRS,n,2.0NRT,289.57,6.38,N
21.17992,81.38543,316.12,0.39,0.36,2026-09-06,2027,N,VIIRS,n,2.0NRT,292.52,2.37,N
21.18324,81.38604,315.5,0.39,0.36,2026-09-06,2027,N,VIIRS,n,2.0NRT,293.38,2.37,N
21.18384,81.38232,309.1,0.39,0.36,2026-09-06,2027,N,VIIRS,n,2.0NRT,292.4,3.03,N
21.18595,81.39038,314.9,0.39,0.36,2026-09-06,2027,N,VIIRS,n,2.0NRT,293.21,1.83,N
21.18927,81.39099,307.96,0.39,0.36,2026-09-06,2027,N,VIIRS,n,2.0NRT,292.28,1.83,N
21.18955,81.19997,308.88,0.39,0.36,2026-09-06,2027,N,VIIRS,n,2.0NRT,291.97,2.87,N
21.19259,81.39162,313.12,0.39,0.36,2026-09-06,2027,N,VIIRS,n,2.0NRT,291.99,2.44,N
21.23326,79.63209,308.52,0.39,0.36,2026-09-06,2027,N,VIIRS,n,2.0NRT,292.29,0.91,N
21.24365,79.22351,310.91,0.4,0.37,2026-09-06,2027,N,VIIRS,n,2.0NRT,290.63,1.42,N
21.24928,79.20884,312.66,0.4,0.37,2026-09-06,2027,N,VIIRS,n,2.0NRT,290.74,1.27,N
21.33653,78.97186,307.2,0.4,0.37,2026-09-06,2027,N,VIIRS,n,2.0NRT,290.3,0.7,N
21.33711,78.96799,321.89,0.4,0.37,2026-09-06,2027,N,VIIRS,n,2.0NRT,291.03,2.74,N
21.34445,81.66502,305.24,0.39,0.36,2026-09-06,2027,N,VIIRS,n,2.0NRT,285.8,1.06,N
21.3706,81.68456,303.3,0.39,0.36,2026-09-06,2027,N,VIIRS,n,2.0NRT,283.42,1.17,N
21.37455,81.68143,303.57,0.39,0.36,2026-09-06,2027,N,VIIRS,n,2.0NRT,284.51,1.17,N
21.37517,81.67767,302.43,0.39,0.36,2026-09-06,2027,N,VIIRS,n,2.0NRT,282.02,1.33,N
21.37788,81.68205,309.01,0.39,0.36,2026-09-06,2027,N,VIIRS,n,2.0NRT,289.29,1.17,N
21.48625,81.76778,309.66,0.39,0.36,2026-09-06,2027,N,VIIRS,n,2.0NRT,291.67,0.75,N
21.5443,81.94603,306.44,0.4,0.37,2026-09-06,2027,N,VIIRS,n,2.0NRT,291.31,1.19,N
21.56058,81.75462,306.02,0.39,0.36,2026-09-06,2027,N,VIIRS,n,2.0NRT,290.77,0.75,N
21.57637,82.02264,310.42,0.4,0.37,2026-09-06,2027,N,VIIRS,n,2.0NRT,292.7,1.55,N
21.62137,81.79305,306.67,0.39,0.36,2026-09-06,2027,N,VIIRS,n,2.0NRT,290.33,1.71,N
21.67737,84.04004,316.31,0.46,0.39,2026-09-06,2027,N,VIIRS,n,2.0NRT,291.03,2.33,N
21.68095,84.04077,311.45,0.46,0.39,2026-09-06,2027,N,VIIRS,n,2.0NRT,291.4,2.33,N
21.73018,82.2159,305.94,0.4,0.37,2026-09-06,2027,N,VIIRS,n,2.0NRT,291.7,1.13,N
21.738,83.84386,309.58,0.45,0.39,2026-09-06,2027,N,VIIRS,n,2.0NRT,291.41,2.02,N
21.74155,83.8446,306.63,0.45,0.39,2026-09-06,2027,N,VIIRS,n,2.0NRT,291.42,4.04,N
21.74232,83.84026,330.78,0.45,0.39,2026-09-06,2027,N,VIIRS,n,2.0NRT,292.01,4.04,N
21.74586,83.841,334.78,0.45,0.39,2026-09-06,2027,N,VIIRS,n,2.0NRT,291.92,4.04,N
21.74865,83.84608,306.91,0.45,0.39,2026-09-06,2027,N,VIIRS,n,2.0NRT,291.24,4.14,N
21.74941,83.84174,341.16,0.45,0.39,2026-09-06,2027,N,VIIRS,n,2.0NRT,292.89,4.14,N
21.75296,83.84248,320.33,0.45,0.39,2026-09-06,2027,N,VIIRS,n,2.0NRT,291.63,4.14,N
21.75487,83.84546,328.9,0.45,0.39,2026-09-06,2027,N,VIIRS,n,2.0NRT,292.15,2.29,N
21.75565,83.84112,317.79,0.45,0.39,2026-09-06,2027,N,VIIRS,n,2.0NRT,291.67,2.29,N
21.75631,84.02211,304.46,0.46,0.39,2026-09-06,2027,N,VIIRS,n,2.0NRT,286.86,2.37,N
21.7565,83.84322,333.59,0.45,0.39,2026-09-06,2027,N,VIIRS,n,2.0NRT,292.75,3.17,N
21.7592,83.84185,309.9,0.45,0.39,2026-09-06,2027,N,VIIRS,n,2.0NRT,291.44,2.29,N
21.76005,83.84395,310.4,0.45,0.39,2026-09-06,2027,N,VIIRS,n,2.0NRT,291.49,3.17,N
21.76119,83.85125,314.94,0.45,0.39,2026-09-06,2027,N,VIIRS,n,2.0NRT,291.53,2.26,N
21.76197,83.8469,321.7,0.45,0.39,2026-09-06,2027,N,VIIRS,n,2.0NRT,291.55,4.3,N
21.76425,84.01917,303.28,0.46,0.39,2026-09-06,2027,N,VIIRS,n,2.0NRT,286.8,2.08,N
21.76783,84.01991,302.77,0.46,0.39,2026-09-06,2027,N,VIIRS,n,2.0NRT,287.51,2.97,N
21.7897,80.01763,308.71,0.39,0.36,2026-09-06,2027,N,VIIRS,n,2.0NRT,291.13,0.72,N
21.79301,80.01822,311.19,0.39,0.36,2026-09-06,2027,N,VIIRS,n,2.0NRT,291.05,0.72,N
21.8011,82.04027,310,0.4,0.37,2026-09-06,2027,N,VIIRS,n,2.0NRT,290.19,1.38,N
21.80195,83.89095,326.15,0.45,0.39,2026-09-06,2027,N,VIIRS,n,2.0NRT,291.26,4.49,N
21.82608,83.90034,307.09,0.45,0.39,2026-09-06,2027,N,VIIRS,n,2.0NRT,291.03,2.21,N
21.85982,83.96837,305.16,0.46,0.39,2026-09-06,2027,N,VIIRS,n,2.0NRT,289.61,2.05,N
21.87546,83.49538,314.31,0.44,0.38,2026-09-06,2027,N,VIIRS,n,2.0NRT,291.01,2.58,N
21.87917,83.55689,309.65,0.44,0.38,2026-09-06,2027,N,VIIRS,n,2.0NRT,290.99,1.35,N
21.91899,83.3492,299.83,0.43,0.38,2026-09-06,2027,N,VIIRS,n,2.0NRT,280.98,0.4,N
21.92246,83.34988,303.61,0.43,0.38,2026-09-06,2027,N,VIIRS,n,2.0NRT,283.9,0.49,N
21.9833,83.23293,312.42,0.43,0.38,2026-09-06,2027,N,VIIRS,n,2.0NRT,290.12,2.01,N
21.98676,83.2336,307.64,0.43,0.38,2026-09-06,2027,N,VIIRS,n,2.0NRT,289.2,1.27,N
22.00373,82.67131,311.44,0.41,0.37,2026-09-06,2027,N,VIIRS,n,2.0NRT,291.91,1.15,N
22.00439,82.6674,310,0.41,0.37,2026-09-06,2027,N,VIIRS,n,2.0NRT,291.64,1.15,N
22.31718,82.55957,308.04,0.4,0.37,2026-09-06,2027,N,VIIRS,n,2.0NRT,288.06,2.02,N
22.33014,82.60641,320.21,0.4,0.37,2026-09-06,2027,N,VIIRS,n,2.0NRT,291.23,2.5,N
22.357,82.30401,333.42,0.4,0.37,2026-09-06,2027,N,VIIRS,n,2.0NRT,293.5,2.32,N
22.35765,82.30017,311.88,0.4,0.37,2026-09-06,2027,N,VIIRS,n,2.0NRT,290.85,2.32,N
22.361,82.30081,313.17,0.4,0.37,2026-09-06,2027,N,VIIRS,n,2.0NRT,291.69,2.32,N
23.16375,82.34019,321.44,0.39,0.37,2026-09-06,2027,N,VIIRS,n,2.0NRT,291.06,2.14,N
23.16438,82.33635,322.71,0.39,0.37,2026-09-06,2027,N,VIIRS,n,2.0NRT,291.19,2.38,N
23.16645,82.34466,316.47,0.39,0.37,2026-09-06,2027,N,VIIRS,n,2.0NRT,290.81,1.89,N
23.16709,82.34083,325.76,0.39,0.37,2026-09-06,2027,N,VIIRS,n,2.0NRT,291.77,1.89,N
24.16126,82.56416,317.13,0.39,0.36,2026-09-06,2027,N,VIIRS,n,2.0NRT,281.97,1.43,N
24.18234,82.64417,304.68,0.4,0.37,2026-09-06,2027,N,VIIRS,n,2.0NRT,282.47,0.65,N
24.18309,82.66032,304.11,0.4,0.37,2026-09-06,2027,N,VIIRS,n,2.0NRT,281.06,0.99,N
24.19806,82.71532,306.47,0.4,0.37,2026-09-06,2027,N,VIIRS,n,2.0NRT,276.18,1.09,N
24.2027,82.70829,300.61,0.4,0.37,2026-09-06,2027,N,VIIRS,n,2.0NRT,277.12,0.53,N
24.20604,82.70895,300.98,0.4,0.37,2026-09-06,2027,N,VIIRS,n,2.0NRT,277.44,0.69,N
24.76391,74.60693,301.93,0.47,0.48,2026-09-06,2027,N,VIIRS,n,2.0NRT,279.07,2.03,N
13.39207,80.103,304.24,0.4,0.37,2026-09-06,2029,N,VIIRS,n,2.0NRT,285.54,0.59,N
13.39294,80.0768,307.2,0.4,0.37,2026-09-06,2029,N,VIIRS,n,2.0NRT,281.93,0.57,N
14.36157,78.78092,312.71,0.38,0.36,2026-09-06,2029,N,VIIRS,n,2.0NRT,290.24,2.88,N
14.36213,78.77739,316.75,0.38,0.36,2026-09-06,2029,N,VIIRS,n,2.0NRT,289.62,2.88,N
14.5861,78.58088,298.19,0.39,0.36,2026-09-06,2029,N,VIIRS,n,2.0NRT,276.76,0.52,N
14.60554,78.52198,308.55,0.39,0.36,2026-09-06,2029,N,VIIRS,n,2.0NRT,283.51,1.9,N
15.02173,78.0144,314.99,0.39,0.36,2026-09-06,2029,N,VIIRS,n,2.0NRT,289.03,2.19,N
15.06937,76.86656,295.47,0.42,0.38,2026-09-06,2029,N,VIIRS,n,2.0NRT,270.81,0.28,N
15.16716,76.37951,309.9,0.44,0.38,2026-09-06,2029,N,VIIRS,n,2.0NRT,286.63,2.15,N
15.17153,76.69308,299.81,0.43,0.38,2026-09-06,2029,N,VIIRS,n,2.0NRT,277.78,0.75,N
15.17216,76.66468,303.26,0.43,0.38,2026-09-06,2029,N,VIIRS,n,2.0NRT,276.99,1.17,N
15.17275,76.66071,316.58,0.43,0.38,2026-09-06,2029,N,VIIRS,n,2.0NRT,278.07,0.93,N
15.17334,76.65672,303.9,0.43,0.38,2026-09-06,2029,N,VIIRS,n,2.0NRT,277.9,0.93,N
15.17665,77.10001,297.03,0.41,0.37,2026-09-06,2029,N,VIIRS,n,2.0NRT,275.56,0.27,N
15.17682,76.65726,311.46,0.43,0.38,2026-09-06,2029,N,VIIRS,n,2.0NRT,279.46,1.6,N
15.17737,76.67767,318.25,0.43,0.38,2026-09-06,2029,N,VIIRS,n,2.0NRT,279,1.44,N
15.17741,76.65328,303.36,0.43,0.38,2026-09-06,2029,N,VIIRS,n,2.0NRT,278.85,0.66,N
15.17796,76.6737,304.5,0.43,0.38,2026-09-06,2029,N,VIIRS,n,2.0NRT,279.15,1.44,N
15.18145,76.67422,307.58,0.43,0.38,2026-09-06,2029,N,VIIRS,n,2.0NRT,279.24,1.32,N
15.18263,76.66628,328.99,0.43,0.38,2026-09-06,2029,N,VIIRS,n,2.0NRT,278.67,4.01,N
15.18494,76.67477,303.39,0.43,0.38,2026-09-06,2029,N,VIIRS,n,2.0NRT,278.76,1.32,N
15.1873,76.65886,303.92,0.43,0.38,2026-09-06,2029,N,VIIRS,n,2.0NRT,278.34,0.98,N
15.22602,76.76505,295.28,0.43,0.38,2026-09-06,2029,N,VIIRS,n,2.0NRT,270.75,0.37,N
15.2266,76.76109,299.69,0.43,0.38,2026-09-06,2029,N,VIIRS,n,2.0NRT,272.66,0.37,N
15.33194,76.28572,306.13,0.44,0.39,2026-09-06,2029,N,VIIRS,n,2.0NRT,283.68,1.32,N
15.33737,76.24843,303.54,0.45,0.39,2026-09-06,2029,N,VIIRS,n,2.0NRT,283.42,1.18,N
15.65793,73.98854,301.83,0.39,0.44,2026-09-06,2029,N,VIIRS,n,2.0NRT,287.12,0.42,N
16.54707,79.75684,305.42,0.38,0.36,2026-09-06,2029,N,VIIRS,n,2.0NRT,290.32,1.27,N
17.46283,80.65475,307.66,0.39,0.36,2026-09-06,2029,N,VIIRS,n,2.0NRT,279.96,0.92,N
17.5851,80.31999,305.01,0.39,0.36,2026-09-06,2029,N,VIIRS,n,2.0NRT,289.16,0.85,N
18.49386,74.20312,309.64,0.42,0.45,2026-09-06,2029,N,VIIRS,n,2.0NRT,289.93,1.01,N
18.69176,73.03945,305.78,0.49,0.49,2026-09-06,2029,N,VIIRS,n,2.0NRT,290.01,1.97,N
8.08521,80.78294,314.58,0.47,0.4,2026-09-06,2032,N,VIIRS,n,2.0NRT,291.12,1.88,N
10.44463,77.50969,308.74,0.39,0.36,2026-09-06,2032,N,VIIRS,n,2.0NRT,290.41,0.44,N
10.61761,77.42153,304.96,0.39,0.36,2026-09-06,2032,N,VIIRS,n,2.0NRT,292.05,0.67,N
10.90913,77.41766,305.74,0.39,0.36,2026-09-06,2032,N,VIIRS,n,2.0NRT,292.29,0.84,N
11.72184,76.97085,307.81,0.4,0.37,2026-09-06,2032,N,VIIRS,n,2.0NRT,275.69,1.32,N
32.28823,70.73848,302.97,0.45,0.63,2026-09-06,2205,N,VIIRS,n,2.0NRT,289.55,0.79,N
32.65387,70.47578,303.05,0.43,0.62,2026-09-06,2205,N,VIIRS,n,2.0NRT,290.22,0.33,N
33.29656,71.18871,301.83,0.45,0.63,2026-09-06,2205,N,VIIRS,n,2.0NRT,290.28,1.15,N
33.2976,71.18477,301.95,0.45,0.63,2026-09-06,2205,N,VIIRS,n,2.0NRT,290.28,1.13,N
25.38699,68.58179,312.36,0.49,0.65,2026-09-06,2208,N,VIIRS,n,2.0NRT,294.27,1.79,N
8.02418,80.36,331.59,0.33,0.55,2026-09-07,735,N,VIIRS,n,2.0NRT,294.65,5.32,D
8.0528,81.32001,331.26,0.57,0.52,2026-09-07,735,N,VIIRS,n,2.0NRT,295.48,5.47,D
8.06398,80.64025,332.58,0.63,0.54,2026-09-07,735,N,VIIRS,n,2.0NRT,294.51,7.53,D
8.06511,80.64231,330.51,0.63,0.54,2026-09-07,735,N,VIIRS,n,2.0NRT,294.82,9.1,D
8.06883,80.6097,343.14,0.64,0.54,2026-09-07,735,N,VIIRS,n,2.0NRT,295.07,8.99,D
8.07863,80.78094,331.36,0.62,0.54,2026-09-07,735,N,VIIRS,n,2.0NRT,288.14,3.64,D
8.13118,80.02525,340.17,0.35,0.56,2026-09-07,735,N,VIIRS,n,2.0NRT,292.88,5.23,D
8.13301,80.09626,331.97,0.34,0.56,2026-09-07,735,N,VIIRS,n,2.0NRT,291.48,6.31,D
8.19346,80.10268,351.75,0.34,0.56,2026-09-07,735,N,VIIRS,n,2.0NRT,292.84,5.18,D
8.2227,80.97877,333.28,0.6,0.53,2026-09-07,735,N,VIIRS,n,2.0NRT,293.44,5.01,D
8.25063,80.33293,349.05,0.33,0.55,2026-09-07,735,N,VIIRS,n,2.0NRT,294.46,3.86,D
8.26096,80.12309,343.55,0.34,0.56,2026-09-07,735,N,VIIRS,n,2.0NRT,290.9,3.68,D
8.33283,80.27589,341.44,0.33,0.55,2026-09-07,735,N,VIIRS,n,2.0NRT,292.58,3.14,D
8.33792,80.27499,331.57,0.33,0.55,2026-09-07,735,N,VIIRS,n,2.0NRT,291.07,3.14,D
8.38897,80.20666,341.05,0.33,0.56,2026-09-07,735,N,VIIRS,n,2.0NRT,294.14,3.5,D
8.3895,80.2097,367,0.33,0.56,2026-09-07,735,N,VIIRS,h,2.0NRT,295.34,9.34,D
8.43057,80.38477,331.9,0.32,0.55,2026-09-07,735,N,VIIRS,n,2.0NRT,289.74,1.88,D
8.43337,80.38214,332.28,0.32,0.55,2026-09-07,735,N,VIIRS,n,2.0NRT,292.88,2.14,D
8.45209,80.22456,332.12,0.33,0.55,2026-09-07,735,N,VIIRS,n,2.0NRT,293.52,2.13,D
8.46254,81.11243,339.88,0.58,0.52,2026-09-07,735,N,VIIRS,n,2.0NRT,293.17,6.74,D
8.46348,81.11768,340.22,0.58,0.52,2026-09-07,735,N,VIIRS,n,2.0NRT,293.12,6.74,D
8.46363,81.11488,351.82,0.58,0.52,2026-09-07,735,N,VIIRS,n,2.0NRT,293.31,11.4,D
8.46464,80.49741,332.45,0.32,0.54,2026-09-07,735,N,VIIRS,n,2.0NRT,290.59,5.87,D
8.48152,80.33078,330.11,0.33,0.55,2026-09-07,735,N,VIIRS,n,2.0NRT,293.36,3.22,D
8.50991,80.16398,330.11,0.33,0.56,2026-09-07,735,N,VIIRS,n,2.0NRT,291.81,1.9,D
8.51254,80.16476,338.1,0.33,0.56,2026-09-07,735,N,VIIRS,n,2.0NRT,290.38,2.89,D
8.53558,80.43092,344.56,0.32,0.55,2026-09-07,735,N,VIIRS,n,2.0NRT,291.59,4.6,D
8.55963,80.74296,331.46,0.61,0.53,2026-09-07,735,N,VIIRS,n,2.0NRT,290.23,6.87,D
8.60144,80.83746,341.11,0.6,0.53,2026-09-07,735,N,VIIRS,n,2.0NRT,289.34,9.32,D
8.94231,80.89068,334.28,0.59,0.53,2026-09-07,737,N,VIIRS,n,2.0NRT,290.41,4.81,D
8.94396,80.88758,337.97,0.59,0.53,2026-09-07,737,N,VIIRS,n,2.0NRT,290.01,10.05,D
8.9743,80.81862,332.21,0.59,0.53,2026-09-07,737,N,VIIRS,n,2.0NRT,291.7,8.32,D
9.17599,77.52721,333.26,0.49,0.65,2026-09-07,737,N,VIIRS,n,2.0NRT,288.8,2.66,D
9.265,80.71633,334.7,0.6,0.53,2026-09-07,737,N,VIIRS,n,2.0NRT,292.51,7.59,D
9.55967,78.24466,336.71,0.43,0.62,2026-09-07,737,N,VIIRS,n,2.0NRT,293.64,2.76,D
10.1291,79.13102,332.12,0.37,0.58,2026-09-07,737,N,VIIRS,n,2.0NRT,295.76,5.25,D
10.65692,77.37951,330.62,0.47,0.64,2026-09-07,737,N,VIIRS,n,2.0NRT,298.11,4.96,D
10.76486,79.56414,335.07,0.34,0.56,2026-09-07,737,N,VIIRS,n,2.0NRT,295.31,4.29,D
12.62981,79.35361,333.59,0.32,0.55,2026-09-07,737,N,VIIRS,n,2.0NRT,297.1,2.88,D
13.29172,78.11819,330.13,0.38,0.59,2026-09-07,737,N,VIIRS,l,2.0NRT,304.36,2.95,D
13.33688,77.90711,341.01,0.39,0.59,2026-09-07,737,N,VIIRS,n,2.0NRT,304.06,4.79,D
13.39129,78.55532,336.72,0.35,0.57,2026-09-07,737,N,VIIRS,n,2.0NRT,298.92,2.84,D
13.39136,78.55396,346.49,0.35,0.57,2026-09-07,737,N,VIIRS,n,2.0NRT,299.5,1.87,D
13.8661,79.33069,333.82,0.61,0.54,2026-09-07,737,N,VIIRS,n,2.0NRT,294.2,4.15,D
14.0443,80.13178,345.5,0.54,0.51,2026-09-07,737,N,VIIRS,n,2.0NRT,300.87,6.22,D
14.29615,77.58157,330.2,0.39,0.59,2026-09-07,737,N,VIIRS,n,2.0NRT,296.64,4.19,D
14.47812,77.5274,333.85,0.39,0.6,2026-09-07,737,N,VIIRS,n,2.0NRT,296.59,5.12,D
14.77676,79.65521,331.62,0.56,0.52,2026-09-07,737,N,VIIRS,n,2.0NRT,292.91,4.63,D
14.89407,79.23284,335.91,0.6,0.53,2026-09-07,737,N,VIIRS,n,2.0NRT,293.91,8.26,D
14.95541,79.63568,342.98,0.56,0.51,2026-09-07,737,N,VIIRS,n,2.0NRT,294.56,7.63,D
14.95639,79.64087,339.26,0.56,0.51,2026-09-07,737,N,VIIRS,n,2.0NRT,293.27,7.63,D
15.69215,80.01839,334.19,0.51,0.5,2026-09-07,737,N,VIIRS,n,2.0NRT,300.16,4.75,D
15.78737,78.27644,330.57,0.33,0.55,2026-09-07,737,N,VIIRS,n,2.0NRT,295.03,1.5,D
16.1232,79.9809,335.62,0.51,0.49,2026-09-07,737,N,VIIRS,n,2.0NRT,297.28,3.29,D
16.42542,79.45825,334.26,0.54,0.51,2026-09-07,739,N,VIIRS,n,2.0NRT,295.46,4.47,D
16.87874,80.85161,338.45,0.43,0.46,2026-09-07,739,N,VIIRS,n,2.0NRT,295.2,3.28,D
16.90787,79.90573,331.26,0.5,0.49,2026-09-07,739,N,VIIRS,n,2.0NRT,291.63,3.14,D
17.01457,79.93188,334.31,0.49,0.49,2026-09-07,739,N,VIIRS,n,2.0NRT,292.52,4.75,D
17.60496,83.18684,331.71,0.47,0.4,2026-09-07,739,N,VIIRS,l,2.0NRT,299.65,5.71,D
17.9126,83.45437,330.09,0.45,0.39,2026-09-07,739,N,VIIRS,l,2.0NRT,298.6,5.26,D
19.10229,82.16896,330.22,0.5,0.41,2026-09-07,739,N,VIIRS,l,2.0NRT,298.74,7.63,D
20.76041,85.29862,335.93,0.39,0.36,2026-09-07,739,N,VIIRS,n,2.0NRT,300.8,6.35,D
20.78744,85.25918,333.19,0.39,0.36,2026-09-07,739,N,VIIRS,n,2.0NRT,300.43,7.26,D
20.79349,85.25431,339.1,0.39,0.36,2026-09-07,739,N,VIIRS,n,2.0NRT,301.49,11.19,D
20.80732,85.25565,336.42,0.39,0.36,2026-09-07,739,N,VIIRS,n,2.0NRT,300.85,7.38,D
20.86327,84.98638,332.71,0.39,0.36,2026-09-07,739,N,VIIRS,n,2.0NRT,296.58,3.53,D
20.86386,84.9901,341.59,0.39,0.36,2026-09-07,739,N,VIIRS,n,2.0NRT,299.56,3.53,D
20.86444,84.99381,340.65,0.39,0.36,2026-09-07,739,N,VIIRS,n,2.0NRT,299.45,8.19,D
20.87168,84.99634,343.09,0.39,0.36,2026-09-07,739,N,VIIRS,n,2.0NRT,298.42,8.12,D
20.88653,84.98221,332.89,0.39,0.36,2026-09-07,739,N,VIIRS,n,2.0NRT,299.3,6.25,D
20.88985,84.98161,330.49,0.39,0.36,2026-09-07,739,N,VIIRS,n,2.0NRT,297.96,3.52,D
20.96211,85.18645,330.4,0.39,0.36,2026-09-07,739,N,VIIRS,n,2.0NRT,296.72,5.82,D
20.96409,86.00706,339.73,0.38,0.36,2026-09-07,739,N,VIIRS,n,2.0NRT,300.76,8.78,D
20.96852,86.01384,335.31,0.38,0.36,2026-09-07,739,N,VIIRS,n,2.0NRT,301.63,5.93,D
20.96964,86.0212,330.75,0.38,0.36,2026-09-07,739,N,VIIRS,n,2.0NRT,299.51,4.31,D
20.97015,86.00223,336.57,0.38,0.36,2026-09-07,739,N,VIIRS,n,2.0NRT,300.55,5.31,D
20.9703,85.17357,342.39,0.39,0.36,2026-09-07,739,N,VIIRS,n,2.0NRT,298.79,5.21,D
20.97089,85.17728,336.28,0.39,0.36,2026-09-07,739,N,VIIRS,n,2.0NRT,297.87,5.21,D
20.97402,86.00534,335.32,0.38,0.36,2026-09-07,739,N,VIIRS,n,2.0NRT,300.01,4.11,D
20.97693,85.17239,330.76,0.39,0.36,2026-09-07,739,N,VIIRS,n,2.0NRT,297.63,3.85,D
21.236,94.84895,367,0.34,0.56,2026-09-07,739,N,VIIRS,h,2.0NRT,291.95,12.41,D
21.23763,94.84933,367,0.34,0.56,2026-09-07,739,N,VIIRS,h,2.0NRT,291.67,10.69,D
21.6799,84.03884,331.65,0.4,0.37,2026-09-07,739,N,VIIRS,l,2.0NRT,299.85,3.63,D
21.74611,83.84345,340.17,0.41,0.37,2026-09-07,739,N,VIIRS,l,2.0NRT,300.69,12.68,D
21.74949,83.84281,341.41,0.41,0.37,2026-09-07,739,N,VIIRS,l,2.0NRT,300.15,11.39,D
21.7569,83.84543,336.81,0.41,0.37,2026-09-07,739,N,VIIRS,l,2.0NRT,299.79,7.87,D
21.76431,83.84805,333.67,0.41,0.37,2026-09-07,739,N,VIIRS,l,2.0NRT,296.86,5.12,D
21.76809,84.01927,330.61,0.4,0.37,2026-09-07,739,N,VIIRS,l,2.0NRT,299.44,7.95,D
21.80306,83.89296,335.17,0.4,0.37,2026-09-07,739,N,VIIRS,l,2.0NRT,299.72,5.38,D
22.20925,84.86183,337.56,0.39,0.36,2026-09-07,739,N,VIIRS,n,2.0NRT,297.82,3.47,D
22.3571,82.30258,336.1,0.45,0.39,2026-09-07,739,N,VIIRS,l,2.0NRT,298.18,10.02,D
22.57151,85.89799,330.51,0.39,0.36,2026-09-07,739,N,VIIRS,n,2.0NRT,299.25,4.01,D
22.57426,85.89369,339.35,0.39,0.36,2026-09-07,739,N,VIIRS,n,2.0NRT,297.88,3.54,D
22.57482,85.89742,331.58,0.39,0.36,2026-09-07,739,N,VIIRS,n,2.0NRT,297.26,3.54,D
23.508,94.00916,331.11,0.63,0.54,2026-09-07,739,N,VIIRS,n,2.0NRT,290.81,6.81,D
23.62771,96.60427,326.64,0.46,0.64,2026-09-07,739,N,VIIRS,n,2.0NRT,287.93,2.94,D
23.67601,86.39903,332.82,0.39,0.37,2026-09-07,739,N,VIIRS,n,2.0NRT,298.25,4.45,D
23.67936,86.39845,332.32,0.39,0.37,2026-09-07,739,N,VIIRS,n,2.0NRT,297.7,4.45,D
23.6855,86.39344,345.21,0.39,0.37,2026-09-07,739,N,VIIRS,n,2.0NRT,298.93,8.43,D
23.71457,86.45176,333.91,0.4,0.37,2026-09-07,739,N,VIIRS,n,2.0NRT,296.78,5.65,D
23.73581,86.43229,331.95,0.4,0.37,2026-09-07,739,N,VIIRS,n,2.0NRT,297.04,3.06,D
23.73637,86.43615,338.87,0.4,0.37,2026-09-07,739,N,VIIRS,n,2.0NRT,299.15,3.06,D
23.73973,86.43557,332.5,0.4,0.37,2026-09-07,739,N,VIIRS,n,2.0NRT,297.34,3.06,D
23.75722,86.40472,333.45,0.39,0.37,2026-09-07,739,N,VIIRS,n,2.0NRT,296.78,2.85,D
23.76057,86.40414,334.9,0.39,0.37,2026-09-07,739,N,VIIRS,n,2.0NRT,296.73,2.85,D
23.79465,86.35478,332.56,0.39,0.36,2026-09-07,739,N,VIIRS,n,2.0NRT,292.41,1.86,D
23.80133,86.32993,335.05,0.39,0.36,2026-09-07,739,N,VIIRS,n,2.0NRT,297.07,4.15,D
23.80467,86.32935,343.5,0.39,0.36,2026-09-07,739,N,VIIRS,n,2.0NRT,297.8,4.15,D
25.97929,93.56585,331.22,0.63,0.54,2026-09-07,739,N,VIIRS,n,2.0NRT,291.4,3.67,D
30.68413,73.86338,333.71,0.62,0.54,2026-09-07,744,N,VIIRS,n,2.0NRT,295.36,5.51,D
31.25838,74.14626,331.24,0.58,0.52,2026-09-07,744,N,VIIRS,n,2.0NRT,300.47,3.55,D
35.8244,68.37402,331.82,0.47,0.64,2026-09-07,744,N,VIIRS,n,2.0NRT,301.58,1.06,D
35.82621,68.37363,333.69,0.47,0.64,2026-09-07,744,N,VIIRS,n,2.0NRT,302.64,1.69,D
36.96354,81.34337,347.42,0.38,0.36,2026-09-07,744,N,VIIRS,n,2.0NRT,307.76,3.38,D
36.9642,81.34764,341.74,0.38,0.36,2026-09-07,744,N,VIIRS,n,2.0NRT,308.38,3.38,D
36.96814,81.35114,345.61,0.38,0.36,2026-09-07,744,N,VIIRS,n,2.0NRT,309.41,2.94,D
36.97143,81.35034,339.76,0.38,0.36,2026-09-07,744,N,VIIRS,n,2.0NRT,308.74,2.94,D
36.97208,81.35461,339.6,0.38,0.36,2026-09-07,744,N,VIIRS,l,2.0NRT,311.13,2.94,D
24.80595,68.12324,354.71,0.61,0.53,2026-09-07,922,N,VIIRS,n,2.0NRT,301,28.36,D
25.29603,68.12163,341.06,0.62,0.54,2026-09-07,922,N,VIIRS,n,2.0NRT,306.47,4.74,D
33.20423,70.47748,347.8,0.51,0.66,2026-09-07,924,N,VIIRS,n,2.0NRT,298.83,6.6,D
33.20913,70.47443,343.24,0.51,0.66,2026-09-07,924,N,VIIRS,n,2.0NRT,298.42,4.15,D
31.3671,76.35385,311.15,0.43,0.62,2026-09-07,2006,N,VIIRS,n,2.0NRT,289.99,2.46,N
32.30096,74.31669,305.12,0.57,0.69,2026-09-07,2006,N,VIIRS,n,2.0NRT,291.62,1.27,N
21.92332,85.22227,300.52,0.38,0.36,2026-09-07,2008,N,VIIRS,n,2.0NRT,287.2,1.07,N
22.01295,83.75442,307.61,0.41,0.37,2026-09-07,2008,N,VIIRS,n,2.0NRT,289.52,1.24,N
22.01634,83.75499,307.63,0.41,0.37,2026-09-07,2008,N,VIIRS,n,2.0NRT,290.06,0.97,N
22.01691,83.75108,305.81,0.41,0.37,2026-09-07,2008,N,VIIRS,n,2.0NRT,289.89,1.19,N
22.02825,83.74499,304.38,0.41,0.37,2026-09-07,2008,N,VIIRS,n,2.0NRT,287.59,0.63,N
22.03677,83.73435,305.64,0.41,0.37,2026-09-07,2008,N,VIIRS,n,2.0NRT,288.32,1.03,N
22.03716,83.35303,312.58,0.42,0.37,2026-09-07,2008,N,VIIRS,n,2.0NRT,289.7,1.48,N
22.03734,83.73043,309.51,0.41,0.37,2026-09-07,2008,N,VIIRS,n,2.0NRT,288.19,1.29,N
22.03775,83.34901,309.61,0.42,0.37,2026-09-07,2008,N,VIIRS,n,2.0NRT,288.74,0.81,N
22.04016,83.73492,307.47,0.41,0.37,2026-09-07,2008,N,VIIRS,n,2.0NRT,288.43,1.77,N
22.06517,83.70693,303.72,0.41,0.37,2026-09-07,2008,N,VIIRS,n,2.0NRT,278.88,0.88,N
22.09159,83.12476,306.26,0.42,0.38,2026-09-07,2008,N,VIIRS,n,2.0NRT,289.68,1.03,N
22.09291,83.12337,306.99,0.42,0.38,2026-09-07,2008,N,VIIRS,n,2.0NRT,289.74,0.8,N
22.20656,84.85925,306.99,0.39,0.36,2026-09-07,2008,N,VIIRS,n,2.0NRT,291.38,1.63,N
22.2093,84.86359,310.79,0.39,0.36,2026-09-07,2008,N,VIIRS,n,2.0NRT,292.15,1.38,N
22.21032,84.87914,311.4,0.39,0.36,2026-09-07,2008,N,VIIRS,n,2.0NRT,291.41,2.44,N
22.2109,84.8754,332.48,0.39,0.36,2026-09-07,2008,N,VIIRS,n,2.0NRT,292.05,2.44,N
22.21147,84.87166,321.25,0.39,0.36,2026-09-07,2008,N,VIIRS,n,2.0NRT,291.36,2.21,N
22.21205,84.86791,317.55,0.39,0.36,2026-09-07,2008,N,VIIRS,n,2.0NRT,291.13,2.21,N
22.21262,84.86417,306.93,0.39,0.36,2026-09-07,2008,N,VIIRS,n,2.0NRT,291.9,1.38,N
22.21537,84.8685,311.14,0.39,0.36,2026-09-07,2008,N,VIIRS,n,2.0NRT,291.15,1.97,N
22.31507,82.53609,304.74,0.45,0.39,2026-09-07,2008,N,VIIRS,n,2.0NRT,289.46,2.33,N
22.31799,82.5677,310.21,0.45,0.39,2026-09-07,2008,N,VIIRS,n,2.0NRT,290.26,2.46,N
22.31859,82.56335,316,0.45,0.39,2026-09-07,2008,N,VIIRS,n,2.0NRT,290.56,3.61,N
22.321,82.54596,306.64,0.45,0.39,2026-09-07,2008,N,VIIRS,n,2.0NRT,290.35,2.18,N
22.32211,82.59047,312.49,0.45,0.39,2026-09-07,2008,N,VIIRS,n,2.0NRT,289.68,2.42,N
22.32993,82.53404,306.15,0.45,0.39,2026-09-07,2008,N,VIIRS,n,2.0NRT,289.93,1.51,N
22.33097,82.60513,320.14,0.45,0.39,2026-09-07,2008,N,VIIRS,n,2.0NRT,289.97,2.59,N
22.35425,82.30378,306.13,0.46,0.39,2026-09-07,2008,N,VIIRS,n,2.0NRT,290.06,1.04,N
22.35666,87.2903,307.49,0.4,0.37,2026-09-07,2008,N,VIIRS,n,2.0NRT,287.22,1.66,N
22.35786,82.30437,321.87,0.46,0.39,2026-09-07,2008,N,VIIRS,n,2.0NRT,291.04,2.03,N
22.35847,82.2999,306.3,0.46,0.39,2026-09-07,2008,N,VIIRS,n,2.0NRT,289.92,1.81,N
22.36481,87.30393,307.46,0.4,0.37,2026-09-07,2008,N,VIIRS,n,2.0NRT,288.09,1.06,N
22.36546,87.30004,318.07,0.4,0.37,2026-09-07,2008,N,VIIRS,n,2.0NRT,287.62,2.53,N
22.37614,87.27805,304.92,0.4,0.37,2026-09-07,2008,N,VIIRS,n,2.0NRT,279.82,1.63,N
23.69606,86.07864,306.71,0.38,0.36,2026-09-07,2008,N,VIIRS,n,2.0NRT,286.25,2.29,N
23.75589,85.85011,304.3,0.38,0.36,2026-09-07,2008,N,VIIRS,n,2.0NRT,288.83,0.66,N
23.76423,86.39191,297.67,0.39,0.36,2026-09-07,2008,N,VIIRS,n,2.0NRT,280.38,1.12,N
23.77234,86.19652,315.34,0.38,0.36,2026-09-07,2008,N,VIIRS,n,2.0NRT,290.2,2.42,N
24.13551,82.59011,313.35,0.46,0.39,2026-09-07,2008,N,VIIRS,n,2.0NRT,286.91,2.22,N
24.14507,82.65659,301.21,0.46,0.39,2026-09-07,2008,N,VIIRS,n,2.0NRT,284.54,0.69,N
24.1812,82.66249,307.03,0.46,0.39,2026-09-07,2008,N,VIIRS,n,2.0NRT,286.44,1.4,N
24.20153,82.7096,305.27,0.46,0.39,2026-09-07,2008,N,VIIRS,n,2.0NRT,287.83,1.32,N
24.2045,82.70778,304.64,0.46,0.39,2026-09-07,2008,N,VIIRS,n,2.0NRT,287.58,1.22,N
24.20514,82.71014,308.99,0.46,0.39,2026-09-07,2008,N,VIIRS,n,2.0NRT,287.9,1.6,N
24.76122,74.60571,303.2,0.47,0.64,2026-09-07,2008,N,VIIRS,n,2.0NRT,290.66,1.01,N
24.76444,74.60759,305.29,0.47,0.64,2026-09-07,2008,N,VIIRS,n,2.0NRT,291.17,1.01,N
26.77367,94.50772,303.98,0.52,0.5,2026-09-07,2008,N,VIIRS,n,2.0NRT,287.53,1.96,N
27.32268,95.27859,305.5,0.56,0.51,2026-09-07,2008,N,VIIRS,n,2.0NRT,288.17,0.88,N
27.32445,95.27393,304.83,0.56,0.51,2026-09-07,2008,N,VIIRS,n,2.0NRT,287.95,1.4,N
27.3751,95.3355,307.7,0.56,0.52,2026-09-07,2008,N,VIIRS,n,2.0NRT,288.08,0.94,N
28.34664,77.22958,305.33,0.35,0.57,2026-09-07,2008,N,VIIRS,n,2.0NRT,292.45,0.56,N
28.37362,77.22543,312.87,0.35,0.57,2026-09-07,2008,N,VIIRS,n,2.0NRT,292.68,0.97,N
28.66099,77.57737,306.46,0.34,0.56,2026-09-07,2008,N,VIIRS,n,2.0NRT,293.34,0.67,N
28.85041,77.14855,306.37,0.36,0.57,2026-09-07,2008,N,VIIRS,n,2.0NRT,292.68,0.72,N
29.90967,74.95046,307.94,0.5,0.66,2026-09-07,2008,N,VIIRS,n,2.0NRT,290.62,6.63,N
29.91,74.94514,367,0.5,0.66,2026-09-07,2008,N,VIIRS,h,2.0NRT,291.13,10.9,N
29.91032,74.93981,303.98,0.5,0.66,2026-09-07,2008,N,VIIRS,n,2.0NRT,290.29,10.9,N
15.17621,77.1028,303.67,0.49,0.49,2026-09-07,2010,N,VIIRS,n,2.0NRT,289.79,4.86,N
17.60513,83.20155,316.15,0.4,0.37,2026-09-07,2010,N,VIIRS,n,2.0NRT,293.83,2.39,N
17.61128,83.20637,311.32,0.4,0.37,2026-09-07,2010,N,VIIRS,n,2.0NRT,293.45,0.96,N
17.6936,83.24232,309.93,0.39,0.37,2026-09-07,2010,N,VIIRS,n,2.0NRT,294.74,1.2,N
17.95531,80.79729,310.34,0.49,0.4,2026-09-07,2010,N,VIIRS,n,2.0NRT,293.27,1.99,N
17.95595,80.79268,307.32,0.49,0.4,2026-09-07,2010,N,VIIRS,n,2.0NRT,293.32,2.72,N
17.96845,83.15285,307.51,0.4,0.37,2026-09-07,2010,N,VIIRS,n,2.0NRT,294.04,0.8,N
18.7168,79.53994,306.37,0.39,0.44,2026-09-07,2010,N,VIIRS,n,2.0NRT,292.98,1.38,N
18.72083,79.54057,307.39,0.39,0.44,2026-09-07,2010,N,VIIRS,n,2.0NRT,293.05,0.99,N
19.09837,82.16897,324.98,0.43,0.38,2026-09-07,2010,N,VIIRS,n,2.0NRT,292.16,1.13,N
19.09908,82.16777,317.36,0.43,0.38,2026-09-07,2010,N,VIIRS,n,2.0NRT,291.83,1.29,N
19.10188,82.16952,309.46,0.43,0.38,2026-09-07,2010,N,VIIRS,n,2.0NRT,292.87,1.13,N
19.10259,82.16832,310.34,0.43,0.38,2026-09-07,2010,N,VIIRS,n,2.0NRT,293.22,1.29,N
19.10317,82.1642,321.03,0.43,0.38,2026-09-07,2010,N,VIIRS,n,2.0NRT,291.84,1.6,N
19.82112,79.23884,306.04,0.42,0.45,2026-09-07,2010,N,VIIRS,n,2.0NRT,292.13,0.75,N
19.93037,79.12118,307.83,0.42,0.46,2026-09-07,2010,N,VIIRS,n,2.0NRT,292.39,1.22,N
19.93666,73.71207,310.84,0.47,0.64,2026-09-07,2010,N,VIIRS,n,2.0NRT,284.38,1.69,N
20.69603,78.6388,306.68,0.46,0.47,2026-09-07,2010,N,VIIRS,n,2.0NRT,291.14,1.29,N
20.75949,85.2986,324.96,0.38,0.36,2026-09-07,2010,N,VIIRS,n,2.0NRT,291.89,2.66,N
20.76007,85.29493,312.01,0.38,0.36,2026-09-07,2010,N,VIIRS,n,2.0NRT,291.57,1.51,N
20.76065,85.29126,306.88,0.38,0.36,2026-09-07,2010,N,VIIRS,n,2.0NRT,291.03,1.51,N
20.78513,85.26547,313.15,0.38,0.36,2026-09-07,2010,N,VIIRS,n,2.0NRT,290.61,2.66,N
20.78571,85.2618,316.32,0.38,0.36,2026-09-07,2010,N,VIIRS,n,2.0NRT,291.42,3.1,N
20.7896,85.25873,334.98,0.38,0.36,2026-09-07,2010,N,VIIRS,n,2.0NRT,291.18,3.1,N
20.7929,85.25932,306.66,0.38,0.36,2026-09-07,2010,N,VIIRS,n,2.0NRT,291.29,1.4,N
20.79349,85.25565,321.86,0.38,0.36,2026-09-07,2010,N,VIIRS,n,2.0NRT,291.6,6.87,N
20.79407,85.25198,330.59,0.38,0.36,2026-09-07,2010,N,VIIRS,n,2.0NRT,290.7,6.87,N
20.79621,85.2599,316.79,0.38,0.36,2026-09-07,2010,N,VIIRS,n,2.0NRT,291.21,1.4,N
20.79949,85.26003,321.45,0.38,0.36,2026-09-07,2010,N,VIIRS,n,2.0NRT,291.23,2.16,N
20.80338,85.25696,313.52,0.38,0.36,2026-09-07,2010,N,VIIRS,n,2.0NRT,291.4,2.79,N
20.80668,85.25755,328.96,0.38,0.36,2026-09-07,2010,N,VIIRS,n,2.0NRT,292.94,4.39,N
20.86272,84.9882,329.87,0.38,0.36,2026-09-07,2010,N,VIIRS,n,2.0NRT,292.92,1.58,N
20.86487,84.99614,318.33,0.38,0.36,2026-09-07,2010,N,VIIRS,n,2.0NRT,292.61,1.87,N
20.86545,84.99247,315.54,0.38,0.36,2026-09-07,2010,N,VIIRS,n,2.0NRT,292.53,1.87,N
20.86602,84.98879,308,0.38,0.36,2026-09-07,2010,N,VIIRS,n,2.0NRT,292.16,1.58,N
20.86818,84.99673,345.11,0.38,0.36,2026-09-07,2010,N,VIIRS,n,2.0NRT,294.01,3.91,N
20.86876,84.99306,312.48,0.38,0.36,2026-09-07,2010,N,VIIRS,n,2.0NRT,292.77,3.91,N
20.87148,84.99731,316.29,0.38,0.36,2026-09-07,2010,N,VIIRS,n,2.0NRT,292.05,3.91,N
20.88371,84.98437,311.78,0.38,0.36,2026-09-07,2010,N,VIIRS,n,2.0NRT,292.57,1.57,N
20.88428,84.9807,320.52,0.38,0.36,2026-09-07,2010,N,VIIRS,n,2.0NRT,292.25,1.57,N
20.88702,84.98495,310.15,0.38,0.36,2026-09-07,2010,N,VIIRS,n,2.0NRT,292.78,1.57,N
20.88759,84.98129,333.47,0.38,0.36,2026-09-07,2010,N,VIIRS,n,2.0NRT,292.81,1.57,N
20.95701,85.01184,311.63,0.38,0.36,2026-09-07,2010,N,VIIRS,n,2.0NRT,293.53,3.02,N
20.96017,85.18622,311.27,0.38,0.36,2026-09-07,2010,N,VIIRS,n,2.0NRT,291.32,2.11,N
20.96191,85.17519,308.15,0.38,0.36,2026-09-07,2010,N,VIIRS,n,2.0NRT,291.84,1.78,N
20.96249,85.17152,322.78,0.38,0.36,2026-09-07,2010,N,VIIRS,n,2.0NRT,292.1,1.54,N
20.9629,85.19048,322.56,0.38,0.36,2026-09-07,2010,N,VIIRS,n,2.0NRT,292.72,3.35,N
20.96307,85.16784,322.16,0.38,0.36,2026-09-07,2010,N,VIIRS,n,2.0NRT,292.43,1.54,N
20.96348,85.18681,335.02,0.38,0.36,2026-09-07,2010,N,VIIRS,n,2.0NRT,292.68,2.11,N
20.96406,85.18313,309.94,0.38,0.36,2026-09-07,2010,N,VIIRS,n,2.0NRT,291.29,2.11,N
20.96423,85.16049,310.36,0.38,0.36,2026-09-07,2010,N,VIIRS,n,2.0NRT,291.45,2.96,N
20.96464,85.17946,306.97,0.38,0.36,2026-09-07,2010,N,VIIRS,n,2.0NRT,291.42,1.78,N
20.9658,85.17211,307.3,0.38,0.36,2026-09-07,2010,N,VIIRS,n,2.0NRT,291.47,1.54,N
20.96638,85.16843,314.01,0.38,0.36,2026-09-07,2010,N,VIIRS,n,2.0NRT,291.93,1.54,N
20.96852,85.17638,337.27,0.38,0.36,2026-09-07,2010,N,VIIRS,n,2.0NRT,292.39,2.79,N
20.96869,85.15373,335.81,0.38,0.36,2026-09-07,2010,N,VIIRS,n,2.0NRT,292.72,5.77,N
20.9691,85.1727,330.17,0.38,0.36,2026-09-07,2010,N,VIIRS,n,2.0NRT,292.4,5.18,N
20.97183,85.17696,313.68,0.38,0.36,2026-09-07,2010,N,VIIRS,n,2.0NRT,291.68,2.79,N
20.97571,85.17388,312.16,0.38,0.36,2026-09-07,2010,N,VIIRS,n,2.0NRT,291.39,1.94,N
20.97629,85.1702,324.85,0.38,0.36,2026-09-07,2010,N,VIIRS,n,2.0NRT,291.95,1.94,N
20.9782,85.13654,316.87,0.38,0.36,2026-09-07,2010,N,VIIRS,n,2.0NRT,292.36,1.91,N
20.97878,85.13287,307.81,0.38,0.36,2026-09-07,2010,N,VIIRS,n,2.0NRT,292.27,1.91,N
21.07366,85.0472,309.46,0.38,0.36,2026-09-07,2010,N,VIIRS,n,2.0NRT,292.21,0.97,N
21.07424,85.04351,312.01,0.38,0.36,2026-09-07,2010,N,VIIRS,n,2.0NRT,292.07,0.97,N
21.07539,85.03615,308.1,0.38,0.36,2026-09-07,2010,N,VIIRS,n,2.0NRT,293.45,2.14,N
21.07755,85.0441,308.45,0.38,0.36,2026-09-07,2010,N,VIIRS,n,2.0NRT,292.47,0.69,N
21.0787,85.03674,316.31,0.38,0.36,2026-09-07,2010,N,VIIRS,n,2.0NRT,293.7,2.19,N
21.07928,85.03306,314.21,0.38,0.36,2026-09-07,2010,N,VIIRS,n,2.0NRT,292.67,1.11,N
21.1822,81.38818,307.06,0.49,0.4,2026-09-07,2010,N,VIIRS,n,2.0NRT,287.91,1.54,N
21.18283,81.38342,305.98,0.49,0.4,2026-09-07,2010,N,VIIRS,n,2.0NRT,287.66,1.35,N
21.18593,81.38875,316.12,0.49,0.4,2026-09-07,2010,N,VIIRS,n,2.0NRT,288.83,1.54,N
21.19211,81.39938,304.04,0.49,0.4,2026-09-07,2010,N,VIIRS,n,2.0NRT,288.13,0.44,N
21.1933,81.41888,327.06,0.49,0.4,2026-09-07,2010,N,VIIRS,n,2.0NRT,289.37,5.78,N
21.19393,81.41416,317.08,0.49,0.4,2026-09-07,2010,N,VIIRS,n,2.0NRT,288.22,9.94,N
21.19702,81.41945,321.15,0.49,0.4,2026-09-07,2010,N,VIIRS,n,2.0NRT,288.76,5.78,N
21.24577,81.77044,305.78,0.47,0.4,2026-09-07,2010,N,VIIRS,n,2.0NRT,291.23,0.58,N
21.30586,81.57719,306.64,0.48,0.4,2026-09-07,2010,N,VIIRS,n,2.0NRT,290.83,1.24,N
21.33333,78.96702,307.7,0.45,0.47,2026-09-07,2010,N,VIIRS,n,2.0NRT,288.08,1.28,N
21.33712,78.97202,305.33,0.45,0.47,2026-09-07,2010,N,VIIRS,n,2.0NRT,288.8,1.38,N
21.33766,78.96764,310.9,0.45,0.47,2026-09-07,2010,N,VIIRS,n,2.0NRT,289.2,1.28,N
21.34521,81.66624,304.62,0.48,0.4,2026-09-07,2010,N,VIIRS,n,2.0NRT,288.02,0.58,N
21.37473,81.64243,307.36,0.48,0.4,2026-09-07,2010,N,VIIRS,n,2.0NRT,291.31,1.67,N
21.37708,81.68069,310.66,0.48,0.4,2026-09-07,2010,N,VIIRS,n,2.0NRT,292.12,2.95,N
21.48734,81.77048,309.42,0.48,0.4,2026-09-07,2010,N,VIIRS,n,2.0NRT,290.85,1.97,N
21.62202,81.79386,306.19,0.48,0.4,2026-09-07,2010,N,VIIRS,n,2.0NRT,290.65,1.91,N
21.67835,84.03706,320.73,0.4,0.37,2026-09-07,2010,N,VIIRS,n,2.0NRT,292.25,3.35,N
21.68114,84.04147,313.58,0.4,0.37,2026-09-07,2010,N,VIIRS,n,2.0NRT,292.82,3.14,N
21.73854,83.84201,316.37,0.4,0.37,2026-09-07,2010,N,VIIRS,n,2.0NRT,292.56,2.04,N
21.74192,83.84258,325.8,0.4,0.37,2026-09-07,2010,N,VIIRS,n,2.0NRT,292.67,4.75,N
21.74531,83.84315,338.03,0.4,0.37,2026-09-07,2010,N,VIIRS,n,2.0NRT,292.28,4.75,N
21.74869,83.84371,336.84,0.4,0.37,2026-09-07,2010,N,VIIRS,n,2.0NRT,293.31,4,N
21.75208,83.84428,307.52,0.4,0.37,2026-09-07,2010,N,VIIRS,n,2.0NRT,291.4,4,N
21.75399,84.02219,317.94,0.4,0.37,2026-09-07,2010,N,VIIRS,n,2.0NRT,291.76,3.68,N
21.75546,83.84485,329.97,0.4,0.37,2026-09-07,2010,N,VIIRS,n,2.0NRT,292.96,2.61,N
21.75611,83.81718,306.86,0.4,0.37,2026-09-07,2010,N,VIIRS,n,2.0NRT,290.94,0.93,N
21.75941,83.84155,311.83,0.4,0.37,2026-09-07,2010,N,VIIRS,n,2.0NRT,291.99,2.61,N
21.76129,84.0195,313.8,0.4,0.37,2026-09-07,2010,N,VIIRS,n,2.0NRT,292.64,2.32,N
21.76164,83.84987,334.32,0.4,0.37,2026-09-07,2010,N,VIIRS,n,2.0NRT,292.75,3.5,N
21.76222,83.846,309.75,0.4,0.37,2026-09-07,2010,N,VIIRS,n,2.0NRT,291.65,2.05,N
21.76466,84.02008,320.86,0.4,0.37,2026-09-07,2010,N,VIIRS,n,2.0NRT,292.87,2.32,N
21.76745,84.0245,307.62,0.4,0.37,2026-09-07,2010,N,VIIRS,n,2.0NRT,291.2,1.41,N
21.76802,84.02066,313.33,0.4,0.37,2026-09-07,2010,N,VIIRS,n,2.0NRT,292.35,1.75,N
21.77139,84.02124,311.41,0.4,0.37,2026-09-07,2010,N,VIIRS,n,2.0NRT,291.93,1.75,N
21.79338,83.98951,306.09,0.4,0.37,2026-09-07,2010,N,VIIRS,n,2.0NRT,291.23,0.6,N
21.79533,83.883,311.63,0.4,0.37,2026-09-07,2010,N,VIIRS,n,2.0NRT,291.24,1.36,N
21.80094,83.89191,326.63,0.4,0.37,2026-09-07,2010,N,VIIRS,n,2.0NRT,291.58,2.65,N
21.81696,83.99355,306.84,0.4,0.37,2026-09-07,2010,N,VIIRS,n,2.0NRT,291.28,0.75,N
21.85923,83.96523,308.62,0.4,0.37,2026-09-07,2010,N,VIIRS,n,2.0NRT,291.63,0.83,N
21.87663,83.49507,309.03,0.41,0.37,2026-09-07,2010,N,VIIRS,n,2.0NRT,288.8,1.13,N
21.87819,83.55629,312.48,0.41,0.37,2026-09-07,2010,N,VIIRS,n,2.0NRT,290.32,1.08,N
21.87935,83.54838,305.36,0.41,0.37,2026-09-07,2010,N,VIIRS,n,2.0NRT,289.86,0.9,N
21.89918,83.98308,306.18,0.4,0.37,2026-09-07,2010,N,VIIRS,n,2.0NRT,291.3,0.95,N
21.91873,83.35078,315.86,0.42,0.37,2026-09-07,2010,N,VIIRS,n,2.0NRT,280.18,2.05,N
21.91931,83.34677,297.63,0.42,0.37,2026-09-07,2010,N,VIIRS,n,2.0NRT,277.3,0.42,N
21.92216,83.35136,317.07,0.42,0.37,2026-09-07,2010,N,VIIRS,n,2.0NRT,280.68,1.83,N
21.92392,83.3393,303.36,0.42,0.37,2026-09-07,2010,N,VIIRS,n,2.0NRT,283.07,2.13,N
21.9652,83.77157,306.37,0.4,0.37,2026-09-07,2010,N,VIIRS,n,2.0NRT,290.43,2.53,N
21.98398,83.23223,319.49,0.42,0.38,2026-09-07,2010,N,VIIRS,n,2.0NRT,291.08,2.75,N
21.98612,83.36504,300.36,0.42,0.37,2026-09-07,2010,N,VIIRS,n,2.0NRT,281.05,0.33,N
22.00236,82.66692,307.92,0.44,0.38,2026-09-07,2010,N,VIIRS,n,2.0NRT,290.1,1.44,N
22.00529,82.67177,309.98,0.44,0.38,2026-09-07,2010,N,VIIRS,n,2.0NRT,290.83,1.72,N
10.61566,77.41953,310.47,0.41,0.45,2026-09-07,2012,N,VIIRS,n,2.0NRT,293.93,0.66,N
10.82689,78.8291,313.7,0.51,0.41,2026-09-07,2012,N,VIIRS,n,2.0NRT,294.42,2.11,N
11.26702,80.00352,321.1,0.45,0.39,2026-09-07,2012,N,VIIRS,n,2.0NRT,293.9,1.08,N
11.76615,76.94112,305.83,0.46,0.47,2026-09-07,2012,N,VIIRS,n,2.0NRT,290.12,0.87,N
11.77049,76.9417,304.84,0.46,0.47,2026-09-07,2012,N,VIIRS,n,2.0NRT,290.95,0.87,N
11.81668,77.91529,307.02,0.4,0.44,2026-09-07,2012,N,VIIRS,n,2.0NRT,294.26,1.54,N
12.09401,76.79564,301.72,0.47,0.48,2026-09-07,2012,N,VIIRS,n,2.0NRT,290.69,0.55,N
12.09417,76.79395,302.15,0.47,0.48,2026-09-07,2012,N,VIIRS,n,2.0NRT,290.74,0.63,N
12.09841,76.79625,302.32,0.47,0.48,2026-09-07,2012,N,VIIRS,n,2.0NRT,290.88,0.49,N
12.09858,76.79456,305.69,0.47,0.48,2026-09-07,2012,N,VIIRS,n,2.0NRT,290.83,0.66,N
12.74417,77.6196,306.6,0.42,0.46,2026-09-07,2012,N,VIIRS,n,2.0NRT,290.3,0.82,N
8.11407,80.81003,332.23,0.4,0.37,2026-09-07,2014,N,VIIRS,n,2.0NRT,293.94,3.72,N
8.11463,80.80643,367,0.4,0.37,2026-09-07,2014,N,VIIRS,h,2.0NRT,297.28,19.51,N
8.11519,80.8028,345.81,0.4,0.37,2026-09-07,2014,N,VIIRS,n,2.0NRT,296.53,19.51,N
8.11745,80.81055,347.58,0.4,0.37,2026-09-07,2014,N,VIIRS,n,2.0NRT,302.93,38.76,N
8.11801,80.80695,347.32,0.4,0.37,2026-09-07,2014,N,VIIRS,n,2.0NRT,297.84,12.29,N
8.12139,80.80746,322.93,0.4,0.37,2026-09-07,2014,N,VIIRS,n,2.0NRT,293.97,12.29,N
8.29047,80.20461,309.31,0.42,0.37,2026-09-07,2014,N,VIIRS,n,2.0NRT,292.58,1.76,N
31.25737,76.92625,299.46,0.58,0.7,2026-09-07,2146,N,VIIRS,n,2.0NRT,286.48,0.91,N
31.25916,76.92676,298.77,0.58,0.7,2026-09-07,2146,N,VIIRS,n,2.0NRT,286.22,1.48,N
31.3673,76.35603,303.33,0.53,0.67,2026-09-07,2146,N,VIIRS,n,2.0NRT,290.59,0.89,N
32.12922,74.17644,306.48,0.39,0.59,2026-09-07,2146,N,VIIRS,n,2.0NRT,292.96,1.06,N
32.65364,70.47669,309.81,0.47,0.48,2026-09-07,2146,N,VIIRS,n,2.0NRT,293.16,1.39,N
32.65474,70.47163,306.08,0.47,0.48,2026-09-07,2146,N,VIIRS,n,2.0NRT,293.26,1.39,N
32.65506,70.47351,316.42,0.47,0.48,2026-09-07,2146,N,VIIRS,n,2.0NRT,293.47,2.55,N
32.72151,72.92504,304.77,0.32,0.54,2026-09-07,2146,N,VIIRS,n,2.0NRT,291.26,0.38,N
26.09564,68.87837,306.77,0.51,0.5,2026-09-07,2148,N,VIIRS,n,2.0NRT,295.97,0.9,N
28.03946,69.6724,310.72,0.52,0.5,2026-09-07,2148,N,VIIRS,n,2.0NRT,296.59,1.96,N
28.42394,69.70216,312,0.52,0.5,2026-09-07,2148,N,VIIRS,n,2.0NRT,295.38,1.46,N
29.47196,76.86069,305.54,0.63,0.72,2026-09-07,2148,N,VIIRS,n,2.0NRT,291.29,1.33,N
29.90457,74.95105,311.45,0.48,0.65,2026-09-07,2148,N,VIIRS,n,2.0NRT,290.39,6,N
29.90722,74.95615,313.15,0.48,0.65,2026-09-07,2148,N,VIIRS,n,2.0NRT,290.66,8.76,N
29.90849,74.95123,367,0.48,0.65,2026-09-07,2148,N,VIIRS,h,2.0NRT,291.65,10.15,N
29.90907,74.95796,303.49,0.48,0.65,2026-09-07,2148,N,VIIRS,n,2.0NRT,290.52,6,N
29.90977,74.9463,303.3,0.48,0.65,2026-09-07,2148,N,VIIRS,n,2.0NRT,290,10.15,N
29.91037,74.95306,367,0.48,0.65,2026-09-07,2148,N,VIIRS,h,2.0NRT,291.9,6,N
29.91168,74.94814,312.02,0.48,0.65,2026-09-07,2148,N,VIIRS,n,2.0NRT,290.76,13.68,N
31.25821,74.14293,309.7,0.4,0.6,2026-09-07,2148,N,VIIRS,n,2.0NRT,291.84,1.21,N
20.90812,71.4603,302.6,0.47,0.64,2026-09-07,2150,N,VIIRS,n,2.0NRT,290.07,1.17,N
20.91152,71.45925,303.63,0.47,0.64,2026-09-07,2150,N,VIIRS,n,2.0NRT,289.9,0.85,N
23.31261,70.1996,301.47,0.35,0.57,2026-09-07,2150,N,VIIRS,n,2.0NRT,290.92,0.45,N
23.51418,72.41602,302.64,0.48,0.65,2026-09-07,2150,N,VIIRS,n,2.0NRT,290.68,0.44,N
23.54443,72.40617,305.66,0.48,0.64,2026-09-07,2150,N,VIIRS,n,2.0NRT,290.62,0.62,N
25.38737,68.58277,319.43,0.51,0.49,2026-09-07,2150,N,VIIRS,n,2.0NRT,296.03,2.48,N
25.388,68.58441,326.48,0.51,0.49,2026-09-07,2150,N,VIIRS,n,2.0NRT,296.04,3.44,N
8.15005,81.13979,337.83,0.61,0.71,2026-09-08,718,N,VIIRS,n,2.0NRT,289.69,7.53,D
8.54175,80.52318,336.54,0.66,0.73,2026-09-08,718,N,VIIRS,n,2.0NRT,289.66,7.06,D
9.37813,80.43444,341.92,0.64,0.72,2026-09-08,718,N,VIIRS,n,2.0NRT,291.88,7.48,D
10.41876,79.25484,335.8,0.74,0.76,2026-09-08,718,N,VIIRS,n,2.0NRT,295.51,7.07,D
10.42313,79.25229,355.09,0.73,0.76,2026-09-08,718,N,VIIRS,n,2.0NRT,295.22,10.43,D
10.42577,79.25342,344.95,0.74,0.76,2026-09-08,718,N,VIIRS,n,2.0NRT,295.13,7.07,D
11.16977,79.58669,330.7,0.68,0.74,2026-09-08,718,N,VIIRS,n,2.0NRT,293.92,5.67,D
11.44852,79.55484,331.28,0.67,0.74,2026-09-08,720,N,VIIRS,n,2.0NRT,294.18,6.1,D
11.71798,79.20487,330.28,0.7,0.75,2026-09-08,720,N,VIIRS,n,2.0NRT,294.5,6.98,D
11.71861,79.20637,333.78,0.7,0.75,2026-09-08,720,N,VIIRS,n,2.0NRT,294.92,4.97,D
11.91456,78.91544,337.28,0.73,0.76,2026-09-08,720,N,VIIRS,n,2.0NRT,294.41,4.43,D
16.86624,79.28669,340.8,0.55,0.68,2026-09-08,720,N,VIIRS,n,2.0NRT,287.48,10.5,D
16.86987,79.28905,349.2,0.55,0.68,2026-09-08,720,N,VIIRS,n,2.0NRT,286.91,9.74,D
17.42077,82.34301,336.64,0.34,0.56,2026-09-08,720,N,VIIRS,n,2.0NRT,292.76,2.06,D
17.42123,82.3414,329.03,0.34,0.56,2026-09-08,720,N,VIIRS,n,2.0NRT,292.18,2.8,D
19.09924,82.16588,327.77,0.33,0.55,2026-09-08,720,N,VIIRS,n,2.0NRT,293.54,3.91,D
22.68995,92.1611,329.81,0.41,0.37,2026-09-08,722,N,VIIRS,n,2.0NRT,292.02,2.89,D
23.67418,86.0887,335.29,0.48,0.4,2026-09-08,722,N,VIIRS,n,2.0NRT,289.13,7.74,D
27.94888,95.25629,332.5,0.44,0.46,2026-09-08,722,N,VIIRS,n,2.0NRT,294.32,2.75,D
28.65772,77.57368,338.07,0.39,0.6,2026-09-08,724,N,VIIRS,n,2.0NRT,294.07,3.21,D
29.9065,74.94508,367,0.52,0.67,2026-09-08,724,N,VIIRS,h,2.0NRT,295.48,13.87,D
29.90792,74.9504,333.77,0.52,0.67,2026-09-08,724,N,VIIRS,n,2.0NRT,296.05,16.71,D
29.90838,74.94791,367,0.52,0.67,2026-09-08,724,N,VIIRS,h,2.0NRT,295.73,15.56,D
31.21099,75.96707,329.07,0.42,0.61,2026-09-08,724,N,VIIRS,n,2.0NRT,295.18,2.47,D
8.43047,80.35378,336.38,0.59,0.7,2026-09-08,858,N,VIIRS,n,2.0NRT,290.13,6.95,D
8.60429,77.96714,337.01,0.41,0.6,2026-09-08,858,N,VIIRS,n,2.0NRT,299.88,2.57,D
8.68277,80.80513,337.41,0.63,0.72,2026-09-08,858,N,VIIRS,n,2.0NRT,290.81,3.8,D
8.95051,80.46358,330.71,0.61,0.71,2026-09-08,858,N,VIIRS,n,2.0NRT,289.22,3.53,D
9.09733,77.4617,330.93,0.38,0.59,2026-09-08,858,N,VIIRS,n,2.0NRT,298.6,1.47,D
9.09777,77.45968,335.17,0.38,0.59,2026-09-08,858,N,VIIRS,n,2.0NRT,298.97,1.46,D
9.24284,77.45622,367,0.38,0.59,2026-09-08,858,N,VIIRS,h,2.0NRT,300.12,6.7,D
9.34336,77.66833,336.37,0.4,0.6,2026-09-08,858,N,VIIRS,n,2.0NRT,301.54,1.47,D
9.34557,78.82265,340.93,0.48,0.64,2026-09-08,858,N,VIIRS,n,2.0NRT,294.84,7.49,D
9.3474,77.66602,348.28,0.4,0.6,2026-09-08,858,N,VIIRS,n,2.0NRT,300.93,2.13,D
9.34892,77.66765,330.81,0.4,0.6,2026-09-08,858,N,VIIRS,n,2.0NRT,300.21,1.47,D
9.48111,78.22231,334.78,0.44,0.62,2026-09-08,858,N,VIIRS,n,2.0NRT,297.17,3.12,D
9.53493,78.64525,358.03,0.47,0.64,2026-09-08,858,N,VIIRS,n,2.0NRT,293.97,10.55,D
9.84427,77.43711,333.04,0.39,0.59,2026-09-08,858,N,VIIRS,n,2.0NRT,301.65,1.08,D
9.84432,77.43795,330.84,0.39,0.59,2026-09-08,858,N,VIIRS,l,2.0NRT,301.21,2.31,D
10.26803,77.25012,333.67,0.38,0.59,2026-09-08,858,N,VIIRS,n,2.0NRT,300.52,4.37,D
10.26851,77.25398,367,0.39,0.59,2026-09-08,858,N,VIIRS,h,2.0NRT,303.46,13.47,D
10.26912,77.25885,367,0.39,0.59,2026-09-08,858,N,VIIRS,h,2.0NRT,303.19,13.47,D
10.27382,77.25198,367,0.38,0.59,2026-09-08,858,N,VIIRS,h,2.0NRT,306.94,8.66,D
10.27434,77.2561,338.94,0.39,0.59,2026-09-08,858,N,VIIRS,n,2.0NRT,304.77,7.95,D
12.06157,77.02383,330.93,0.39,0.6,2026-09-08,900,N,VIIRS,n,2.0NRT,298.73,2.86,D
12.09969,77.06045,331.42,0.4,0.6,2026-09-08,900,N,VIIRS,l,2.0NRT,302.11,3.63,D
12.6018,76.3521,330.43,0.36,0.57,2026-09-08,900,N,VIIRS,n,2.0NRT,297.42,1.17,D
12.68629,79.22961,330.03,0.56,0.69,2026-09-08,900,N,VIIRS,n,2.0NRT,290.8,5,D
13.76837,76.63393,334.36,0.39,0.59,2026-09-08,900,N,VIIRS,n,2.0NRT,294.39,3.36,D
14.2825,76.63771,339.44,0.4,0.6,2026-09-08,900,N,VIIRS,n,2.0NRT,295.05,4.58,D
16.83965,76.57693,338.6,0.42,0.61,2026-09-08,902,N,VIIRS,n,2.0NRT,289.66,3.65,D
20.81934,71.06818,330.11,0.42,0.45,2026-09-08,902,N,VIIRS,n,2.0NRT,299.88,2.79,D
21.10201,72.65463,333.48,0.53,0.5,2026-09-08,902,N,VIIRS,n,2.0NRT,297.8,4.88,D
21.10262,72.63547,337.55,0.53,0.5,2026-09-08,902,N,VIIRS,n,2.0NRT,298.03,9.33,D
21.10373,72.64575,343.32,0.53,0.5,2026-09-08,902,N,VIIRS,n,2.0NRT,299.18,10.64,D
21.10607,72.6489,339.2,0.53,0.5,2026-09-08,902,N,VIIRS,n,2.0NRT,299.32,10.32,D
24.67546,68.22954,337.51,0.49,0.4,2026-09-08,905,N,VIIRS,n,2.0NRT,302.66,3.29,D
24.88822,68.00552,343.55,0.48,0.4,2026-09-08,905,N,VIIRS,n,2.0NRT,308.6,4.46,D
25.02114,68.23278,339.49,0.49,0.4,2026-09-08,905,N,VIIRS,n,2.0NRT,307.46,3.65,D
25.02487,68.23222,340.54,0.49,0.4,2026-09-08,905,N,VIIRS,n,2.0NRT,308.72,7.97,D
25.57998,68.63033,331.53,0.52,0.42,2026-09-08,905,N,VIIRS,l,2.0NRT,305.96,3.84,D
26.11402,68.94534,338.33,0.55,0.43,2026-09-08,905,N,VIIRS,n,2.0NRT,305.78,5.33,D
26.11474,68.94655,334.53,0.55,0.43,2026-09-08,905,N,VIIRS,l,2.0NRT,305.1,2.47,D
26.15266,68.60349,340.16,0.53,0.42,2026-09-08,905,N,VIIRS,l,2.0NRT,311.45,6.53,D
26.61547,68.16102,343.67,0.51,0.41,2026-09-08,905,N,VIIRS,n,2.0NRT,306.76,10.62,D
27.97179,68.9266,342.52,0.39,0.44,2026-09-08,905,N,VIIRS,n,2.0NRT,307.6,3.99,D
28.04094,69.6731,333.71,0.42,0.46,2026-09-08,905,N,VIIRS,l,2.0NRT,305.84,4.14,D
29.82304,72.84699,337.52,0.34,0.56,2026-09-08,905,N,VIIRS,n,2.0NRT,299.51,2.06,D
30.33233,71.97624,338.09,0.62,0.54,2026-09-08,905,N,VIIRS,n,2.0NRT,300.17,5.02,D
31.33438,72.16042,333.78,0.32,0.55,2026-09-08,905,N,VIIRS,n,2.0NRT,297.11,2.1,D
31.33746,72.16238,333.87,0.32,0.55,2026-09-08,905,N,VIIRS,n,2.0NRT,296.93,3.64,D
31.45633,72.13813,337.01,0.32,0.55,2026-09-08,905,N,VIIRS,n,2.0NRT,297.88,2.5,D
35.48441,74.07708,331.6,0.46,0.64,2026-09-08,905,N,VIIRS,l,2.0NRT,306.33,5.29,D
33.37469,70.30645,342.48,0.53,0.5,2026-09-08,907,N,VIIRS,n,2.0NRT,300.81,3.7,D
19.10295,82.16367,306.2,0.53,0.5,2026-09-08,1949,N,VIIRS,n,2.0NRT,273.54,1.37,N
19.96099,79.33219,300.58,0.42,0.61,2026-09-08,1949,N,VIIRS,n,2.0NRT,269.83,0.78,N
20.78671,85.26124,298.84,0.54,0.42,2026-09-08,1949,N,VIIRS,n,2.0NRT,272.8,2.18,N
20.79587,85.25201,315.69,0.54,0.42,2026-09-08,1949,N,VIIRS,n,2.0NRT,272.81,3.87,N
20.80691,85.25891,300.08,0.54,0.42,2026-09-08,1949,N,VIIRS,n,2.0NRT,268.92,2.19,N
20.86284,84.98545,298.67,0.56,0.43,2026-09-08,1949,N,VIIRS,n,2.0NRT,270.94,1.25,N
20.86435,84.99242,296.94,0.56,0.43,2026-09-08,1949,N,VIIRS,n,2.0NRT,269.84,1.16,N
20.86501,84.98708,306.75,0.56,0.43,2026-09-08,1949,N,VIIRS,n,2.0NRT,271.06,1.16,N
20.86611,84.99142,299.33,0.56,0.43,2026-09-08,1949,N,VIIRS,n,2.0NRT,270.68,1.96,N
20.88556,84.98448,298.64,0.56,0.43,2026-09-08,1949,N,VIIRS,n,2.0NRT,268.71,1.3,N
20.89022,84.97961,305.39,0.56,0.43,2026-09-08,1949,N,VIIRS,n,2.0NRT,268.48,1.48,N
20.95109,86.04737,310.27,0.5,0.41,2026-09-08,1949,N,VIIRS,n,2.0NRT,271.42,1.38,N
20.95175,86.04957,310.7,0.5,0.41,2026-09-08,1949,N,VIIRS,n,2.0NRT,272.04,1.4,N
20.96103,85.1719,297.17,0.55,0.43,2026-09-08,1949,N,VIIRS,n,2.0NRT,272.55,1.48,N
20.96147,85.17611,298.83,0.55,0.43,2026-09-08,1949,N,VIIRS,n,2.0NRT,272.18,2.6,N
20.96218,85.17078,300.26,0.55,0.43,2026-09-08,1949,N,VIIRS,n,2.0NRT,272.53,3.59,N
20.96296,85.18839,307.2,0.55,0.43,2026-09-08,1949,N,VIIRS,n,2.0NRT,268.75,1.24,N
20.96362,85.18311,296.46,0.55,0.43,2026-09-08,1949,N,VIIRS,n,2.0NRT,271.8,1.24,N
20.96399,85.18727,307.6,0.55,0.43,2026-09-08,1949,N,VIIRS,n,2.0NRT,270.26,2.38,N
20.96497,85.17246,301.6,0.55,0.43,2026-09-08,1949,N,VIIRS,n,2.0NRT,273.25,1.63,N
20.96564,85.16711,301.3,0.55,0.43,2026-09-08,1949,N,VIIRS,n,2.0NRT,273.54,2.31,N
20.96801,86.01303,298.69,0.5,0.41,2026-09-08,1949,N,VIIRS,n,2.0NRT,273.17,1.58,N
20.96823,85.17837,305.13,0.55,0.43,2026-09-08,1949,N,VIIRS,n,2.0NRT,273.49,1.63,N
20.96824,85.15533,299.2,0.55,0.43,2026-09-08,1949,N,VIIRS,n,2.0NRT,272.53,1.8,N
20.9689,85.17302,309.48,0.55,0.43,2026-09-08,1949,N,VIIRS,n,2.0NRT,274.62,1.63,N
20.97303,86.00401,299.09,0.5,0.41,2026-09-08,1949,N,VIIRS,n,2.0NRT,272.26,1.05,N
20.97745,85.16879,301.13,0.55,0.43,2026-09-08,1949,N,VIIRS,n,2.0NRT,275.55,1.53,N
21.07918,85.03577,300.85,0.56,0.43,2026-09-08,1949,N,VIIRS,n,2.0NRT,272.89,2.47,N
21.24244,79.22527,306.63,0.44,0.62,2026-09-08,1949,N,VIIRS,n,2.0NRT,287.33,1.09,N
21.33592,78.96922,313.41,0.46,0.63,2026-09-08,1949,N,VIIRS,n,2.0NRT,283.01,1.74,N
21.3374,78.96973,314.29,0.45,0.63,2026-09-08,1949,N,VIIRS,n,2.0NRT,283.02,2.12,N
21.67748,84.04029,304.58,0.44,0.46,2026-09-08,1949,N,VIIRS,n,2.0NRT,283.06,1.83,N
21.68175,84.04088,306.79,0.44,0.46,2026-09-08,1949,N,VIIRS,n,2.0NRT,283.25,1.39,N
21.91912,83.35267,297.13,0.48,0.48,2026-09-08,1949,N,VIIRS,n,2.0NRT,268.48,0.71,N
21.91968,83.34795,300.5,0.49,0.48,2026-09-08,1949,N,VIIRS,n,2.0NRT,268.28,0.71,N
21.92199,83.3504,308.56,0.49,0.48,2026-09-08,1949,N,VIIRS,n,2.0NRT,267.01,1.63,N
22.21111,84.86725,296.64,0.4,0.44,2026-09-08,1949,N,VIIRS,n,2.0NRT,265.75,0.93,N
22.32055,82.56607,296.17,0.55,0.51,2026-09-08,1949,N,VIIRS,n,2.0NRT,265.75,1.13,N
22.33052,82.60535,296.65,0.55,0.51,2026-09-08,1949,N,VIIRS,n,2.0NRT,264.1,0.57,N
22.4775,90.71188,296.91,0.38,0.36,2026-09-08,1949,N,VIIRS,n,2.0NRT,270.8,0.43,N
22.78655,86.19794,303.72,0.51,0.41,2026-09-08,1949,N,VIIRS,n,2.0NRT,282.63,1.5,N
22.79034,86.19852,312.09,0.51,0.41,2026-09-08,1949,N,VIIRS,n,2.0NRT,283.06,2.54,N
22.79099,86.19352,316.28,0.51,0.41,2026-09-08,1949,N,VIIRS,n,2.0NRT,284.3,2.54,N
23.55746,87.24306,316.67,0.46,0.39,2026-09-08,1949,N,VIIRS,n,2.0NRT,285.87,5.33,N
23.55808,87.23852,331,0.46,0.39,2026-09-08,1949,N,VIIRS,n,2.0NRT,286.14,5.48,N
23.55933,87.22939,317.11,0.46,0.39,2026-09-08,1949,N,VIIRS,n,2.0NRT,285.55,2.15,N
23.5617,87.2391,315.55,0.46,0.39,2026-09-08,1949,N,VIIRS,n,2.0NRT,285.37,5.48,N
23.61153,87.1468,306.1,0.47,0.4,2026-09-08,1949,N,VIIRS,n,2.0NRT,283.12,0.84,N
23.66251,87.15499,307.21,0.47,0.4,2026-09-08,1949,N,VIIRS,n,2.0NRT,278.78,1.3,N
23.66553,87.1602,303.3,0.47,0.4,2026-09-08,1949,N,VIIRS,n,2.0NRT,280.63,1.3,N
23.67217,86.11553,308.55,0.53,0.42,2026-09-08,1949,N,VIIRS,n,2.0NRT,283.62,1.25,N
23.68253,86.09591,314.45,0.53,0.42,2026-09-08,1949,N,VIIRS,n,2.0NRT,283.44,1.63,N
23.69677,86.07681,321.72,0.53,0.42,2026-09-08,1949,N,VIIRS,n,2.0NRT,283.98,3.27,N
23.7728,86.20103,303.01,0.52,0.42,2026-09-08,1949,N,VIIRS,n,2.0NRT,284.66,2.29,N
23.77346,86.19588,308.14,0.52,0.42,2026-09-08,1949,N,VIIRS,n,2.0NRT,284.71,1.73,N
23.77914,86.21259,311.63,0.52,0.42,2026-09-08,1949,N,VIIRS,n,2.0NRT,284.99,1.55,N
23.7798,86.20742,309.32,0.52,0.42,2026-09-08,1949,N,VIIRS,n,2.0NRT,285.51,2.44,N
23.80277,86.33076,303.31,0.52,0.41,2026-09-08,1949,N,VIIRS,n,2.0NRT,277.22,0.85,N
23.83902,85.30463,303.99,0.39,0.44,2026-09-08,1949,N,VIIRS,n,2.0NRT,287.28,1.02,N
23.83938,85.30389,302.27,0.39,0.44,2026-09-08,1949,N,VIIRS,n,2.0NRT,287.36,0.51,N
24.92294,84.15626,306.82,0.47,0.48,2026-09-08,1949,N,VIIRS,n,2.0NRT,286,1.73,N
26.64162,79.47488,304.22,0.48,0.65,2026-09-08,1949,N,VIIRS,n,2.0NRT,290.65,0.53,N
11.86825,79.20898,308.07,0.33,0.56,2026-09-08,1951,N,VIIRS,n,2.0NRT,291.62,0.69,N
11.86972,79.20905,308.67,0.33,0.56,2026-09-08,1951,N,VIIRS,n,2.0NRT,291.66,0.73,N
12.69771,76.40362,296.02,0.53,0.67,2026-09-08,1951,N,VIIRS,n,2.0NRT,285.99,2.14,N
14.60695,79.35424,295.06,0.36,0.57,2026-09-08,1951,N,VIIRS,n,2.0NRT,284.72,2.36,N
15.17607,76.65705,301.42,0.55,0.68,2026-09-08,1951,N,VIIRS,n,2.0NRT,278.43,2.31,N
17.46397,80.65453,305.67,0.64,0.54,2026-09-08,1951,N,VIIRS,n,2.0NRT,289.37,1.51,N
17.60929,83.20439,306.12,0.44,0.46,2026-09-08,1951,N,VIIRS,n,2.0NRT,275.54,0.83,N
19.0977,82.16817,303.81,0.53,0.5,2026-09-08,1951,N,VIIRS,n,2.0NRT,273.29,1.64,N
8.10951,79.96661,307.71,0.53,0.5,2026-09-08,1953,N,VIIRS,n,2.0NRT,292.32,2.24,N
8.16852,80.86479,308.74,0.46,0.47,2026-09-08,1953,N,VIIRS,n,2.0NRT,292.56,0.81,N
8.17287,80.86552,305.72,0.46,0.47,2026-09-08,1953,N,VIIRS,n,2.0NRT,292.32,0.36,N
9.93439,78.31834,308.55,0.36,0.57,2026-09-08,1953,N,VIIRS,n,2.0NRT,292.76,0.7,N
10.26213,77.25868,300.67,0.43,0.62,2026-09-08,1953,N,VIIRS,n,2.0NRT,289.55,0.89,N
10.39128,79.30709,311.77,0.63,0.54,2026-09-08,1953,N,VIIRS,n,2.0NRT,293.29,2.85,N
28.34513,77.23094,307.2,0.38,0.58,2026-09-08,2127,N,VIIRS,n,2.0NRT,291.84,0.78,N
28.744,76.92703,309.02,0.35,0.57,2026-09-08,2127,N,VIIRS,n,2.0NRT,291.79,0.88,N
28.74435,76.92632,305.77,0.35,0.57,2026-09-08,2127,N,VIIRS,n,2.0NRT,291.99,1.24,N
28.77183,77.56693,306.21,0.39,0.59,2026-09-08,2127,N,VIIRS,n,2.0NRT,290.42,0.51,N
29.47554,76.86042,310.75,0.34,0.56,2026-09-08,2127,N,VIIRS,n,2.0NRT,292.51,0.75,N
29.47636,76.85699,304.91,0.34,0.56,2026-09-08,2127,N,VIIRS,n,2.0NRT,291.99,0.75,N
29.63118,77.24579,303.99,0.35,0.57,2026-09-08,2127,N,VIIRS,n,2.0NRT,291.79,0.58,N
32.28975,70.74053,313.42,0.44,0.38,2026-09-08,2127,N,VIIRS,n,2.0NRT,299.03,2.4,N
32.65488,70.47535,312.61,0.42,0.38,2026-09-08,2127,N,VIIRS,n,2.0NRT,297.87,1.05,N
32.88793,71.61536,312.55,0.46,0.39,2026-09-08,2127,N,VIIRS,n,2.0NRT,297.11,2.77,N
33.29699,71.18787,308.57,0.44,0.38,2026-09-08,2127,N,VIIRS,n,2.0NRT,294.99,0.84,N
33.54652,71.54891,306.94,0.45,0.39,2026-09-08,2127,N,VIIRS,n,2.0NRT,295.96,1.34,N
33.80086,72.09872,306.87,0.47,0.4,2026-09-08,2127,N,VIIRS,n,2.0NRT,295.32,1.52,N
33.90252,74.64256,303.02,0.41,0.45,2026-09-08,2127,N,VIIRS,n,2.0NRT,283.88,1.2,N
35.96978,68.6861,306.24,0.38,0.36,2026-09-08,2127,N,VIIRS,n,2.0NRT,292.39,1.1,N
22.26371,75.1344,305.94,0.38,0.59,2026-09-08,2129,N,VIIRS,n,2.0NRT,289.82,1.06,N
23.2817,72.41914,310.48,0.49,0.49,2026-09-08,2129,N,VIIRS,n,2.0NRT,292.49,0.89,N
23.28408,72.41761,307.05,0.49,0.49,2026-09-08,2129,N,VIIRS,n,2.0NRT,292.41,0.91,N
24.6623,74.63559,305.55,0.63,0.54,2026-09-08,2129,N,VIIRS,n,2.0NRT,292.59,1.89,N
24.66258,74.636,304.85,0.63,0.54,2026-09-08,2129,N,VIIRS,n,2.0NRT,292.63,1.81,N
24.69026,73.00349,304.37,0.5,0.49,2026-09-08,2129,N,VIIRS,n,2.0NRT,293.62,1.03,N
24.93405,74.6332,303.84,0.62,0.54,2026-09-08,2129,N,VIIRS,n,2.0NRT,292.51,1.36,N
25.38731,68.58466,319.6,0.43,0.38,2026-09-08,2129,N,VIIRS,n,2.0NRT,295.89,1.19,N
26.09434,68.87854,315.79,0.44,0.38,2026-09-08,2129,N,VIIRS,n,2.0NRT,297.03,1.69,N
26.87394,73.51777,305.58,0.49,0.48,2026-09-08,2129,N,VIIRS,n,2.0NRT,295.45,1.38,N
27.66834,76.12954,304.87,0.34,0.56,2026-09-08,2129,N,VIIRS,n,2.0NRT,293.68,0.87,N
28.42417,69.70237,322.16,0.44,0.39,2026-09-08,2129,N,VIIRS,n,2.0NRT,298.08,1.8,N
15.13748,76.71239,304.03,0.67,0.73,2026-09-08,2131,N,VIIRS,n,2.0NRT,287.39,1.38,N
15.17795,76.657,308.23,0.66,0.73,2026-09-08,2131,N,VIIRS,n,2.0NRT,287.68,3.05,N
15.17892,76.66013,304.46,0.66,0.73,2026-09-08,2131,N,VIIRS,n,2.0NRT,287.58,2.95,N
15.18275,76.67428,302.85,0.66,0.73,2026-09-08,2131,N,VIIRS,n,2.0NRT,287.4,1.89,N
15.22613,76.76373,301.41,0.67,0.74,2026-09-08,2131,N,VIIRS,n,2.0NRT,287,1.03,N
15.65884,73.9893,310.62,0.44,0.62,2026-09-08,2131,N,VIIRS,n,2.0NRT,288.94,1.44,N
15.6609,73.98779,300.61,0.43,0.62,2026-09-08,2131,N,VIIRS,n,2.0NRT,288.62,1.28,N
18.57086,74.15802,301.48,0.39,0.59,2026-09-08,2131,N,VIIRS,n,2.0NRT,289.11,0.94,N
18.57162,74.15484,303.27,0.39,0.59,2026-09-08,2131,N,VIIRS,n,2.0NRT,289.09,0.82,N
18.68038,73.04181,303.95,0.33,0.55,2026-09-08,2131,N,VIIRS,n,2.0NRT,290.64,2.04,N
18.68104,73.0387,311.31,0.33,0.55,2026-09-08,2131,N,VIIRS,n,2.0NRT,290.91,1.06,N
18.6817,73.03559,303.54,0.33,0.55,2026-09-08,2131,N,VIIRS,n,2.0NRT,291.62,1.06,N
18.68233,73.04176,310.34,0.33,0.55,2026-09-08,2131,N,VIIRS,n,2.0NRT,290.94,1.64,N
18.68296,73.03863,305.36,0.33,0.55,2026-09-08,2131,N,VIIRS,n,2.0NRT,291.24,2.36,N
18.68424,73.03241,313.03,0.33,0.55,2026-09-08,2131,N,VIIRS,n,2.0NRT,291.62,1.8,N
18.68609,73.03984,303.23,0.33,0.55,2026-09-08,2131,N,VIIRS,n,2.0NRT,290.86,1.06,N
18.6874,73.03365,303.69,0.33,0.55,2026-09-08,2131,N,VIIRS,n,2.0NRT,291.25,2.33,N
18.69113,73.041,316.05,0.33,0.55,2026-09-08,2131,N,VIIRS,n,2.0NRT,290.89,2.15,N
18.69305,73.04095,316.93,0.33,0.55,2026-09-08,2131,N,VIIRS,n,2.0NRT,291.47,2.21,N
19.82081,79.33638,300.96,0.78,0.78,2026-09-08,2131,N,VIIRS,n,2.0NRT,277.48,1.84,N
19.93463,73.71231,301.71,0.35,0.56,2026-09-08,2131,N,VIIRS,n,2.0NRT,287.55,0.43,N
20.35331,72.95158,302.88,0.6,0.53,2026-09-08,2131,N,VIIRS,n,2.0NRT,290.82,2.13,N
20.91132,71.46037,311.82,0.48,0.48,2026-09-08,2131,N,VIIRS,n,2.0NRT,294.96,1.86,N
21.10329,72.63621,309.85,0.56,0.51,2026-09-08,2131,N,VIIRS,n,2.0NRT,291.32,2.74,N
21.10576,72.64803,305.61,0.56,0.51,2026-09-08,2131,N,VIIRS,n,2.0NRT,291.86,2.49,N
22.92725,70.10981,310.63,0.55,0.43,2026-09-08,2131,N,VIIRS,n,2.0NRT,292.31,4.11,N
24.79702,94.19991,325.94,0.38,0.36,2026-09-09,703,N,VIIRS,n,2.0NRT,288.79,1.88,D
27.37927,95.33396,330.91,0.4,0.37,2026-09-09,703,N,VIIRS,n,2.0NRT,295.35,2.29,D
27.87187,96.85019,335.29,0.45,0.39,2026-09-09,703,N,VIIRS,n,2.0NRT,294.94,6.71,D
27.87366,96.83576,337.86,0.45,0.39,2026-09-09,703,N,VIIRS,n,2.0NRT,296.25,5.55,D
27.87488,96.84531,331.52,0.45,0.39,2026-09-09,703,N,VIIRS,n,2.0NRT,294.68,2.22,D
27.93021,96.76659,332.46,0.45,0.39,2026-09-09,703,N,VIIRS,n,2.0NRT,295.41,4.17,D
28.01827,96.64623,329.37,0.44,0.39,2026-09-09,703,N,VIIRS,n,2.0NRT,292.44,1.22,D
29.30994,88.86318,327.35,0.5,0.41,2026-09-09,703,N,VIIRS,l,2.0NRT,299.54,2.64,D
29.55372,90.96186,328.62,0.41,0.37,2026-09-09,703,N,VIIRS,l,2.0NRT,300.35,1.68,D
29.5571,90.96114,326.22,0.41,0.37,2026-09-09,703,N,VIIRS,l,2.0NRT,299.62,1.68,D
29.56206,90.99042,326.76,0.41,0.37,2026-09-09,703,N,VIIRS,l,2.0NRT,300.25,2.63,D
8.03355,80.4838,342.04,0.56,0.52,2026-09-09,839,N,VIIRS,n,2.0NRT,301.17,3.38,D
8.03416,80.48712,340.1,0.56,0.52,2026-09-09,839,N,VIIRS,n,2.0NRT,301.53,5.25,D
8.0565,80.40259,334.94,0.56,0.51,2026-09-09,839,N,VIIRS,n,2.0NRT,302.42,7.49,D
8.0572,80.40765,341.32,0.56,0.51,2026-09-09,839,N,VIIRS,n,2.0NRT,301.58,7.49,D
8.07086,80.09274,330.58,0.53,0.5,2026-09-09,839,N,VIIRS,n,2.0NRT,296.44,2.55,D
8.09054,80.54442,344.61,0.57,0.52,2026-09-09,839,N,VIIRS,n,2.0NRT,301.27,7.04,D
8.12141,80.80586,332.52,0.59,0.53,2026-09-09,839,N,VIIRS,l,2.0NRT,303.24,3.52,D
8.1263,80.8052,336.49,0.59,0.53,2026-09-09,839,N,VIIRS,n,2.0NRT,300.34,3.52,D
8.12681,80.0978,342.88,0.53,0.5,2026-09-09,839,N,VIIRS,n,2.0NRT,299.8,7.15,D
8.21031,80.56414,337.27,0.57,0.52,2026-09-09,839,N,VIIRS,n,2.0NRT,301.13,5.45,D
8.21103,80.56943,343.1,0.57,0.52,2026-09-09,839,N,VIIRS,n,2.0NRT,302.32,5.45,D
8.21852,81.07156,345.37,0.62,0.54,2026-09-09,839,N,VIIRS,n,2.0NRT,299.25,6.22,D
8.2188,81.07023,346.73,0.62,0.54,2026-09-09,839,N,VIIRS,n,2.0NRT,299.18,10.97,D
8.22351,81.07091,334.89,0.62,0.54,2026-09-09,839,N,VIIRS,n,2.0NRT,298.72,6.22,D
8.22378,81.06954,330.41,0.62,0.54,2026-09-09,839,N,VIIRS,n,2.0NRT,298.8,4.23,D
8.26615,80.16025,344.39,0.54,0.51,2026-09-09,839,N,VIIRS,n,2.0NRT,300.63,11.17,D
8.27084,80.15961,348.91,0.54,0.51,2026-09-09,839,N,VIIRS,n,2.0NRT,301.13,11.17,D
8.30223,81.01012,342.36,0.62,0.54,2026-09-09,839,N,VIIRS,n,2.0NRT,301.02,14.97,D
8.3023,81.01288,342.43,0.62,0.54,2026-09-09,839,N,VIIRS,n,2.0NRT,299.96,8.12,D
8.30616,80.48454,336.37,0.57,0.52,2026-09-09,839,N,VIIRS,n,2.0NRT,300.54,3.36,D
8.30727,81.0122,331.43,0.62,0.54,2026-09-09,839,N,VIIRS,n,2.0NRT,299.02,9.38,D
8.31061,80.6608,344.7,0.58,0.52,2026-09-09,839,N,VIIRS,n,2.0NRT,301.57,10.03,D
8.31722,81.01086,330.29,0.62,0.54,2026-09-09,839,N,VIIRS,n,2.0NRT,299.93,4.48,D
8.37003,80.74961,330.97,0.59,0.53,2026-09-09,839,N,VIIRS,n,2.0NRT,294.68,0.82,D
8.37234,77.62077,339.77,0.56,0.43,2026-09-09,839,N,VIIRS,n,2.0NRT,306.54,10.28,D
8.3732,80.40456,331.35,0.56,0.52,2026-09-09,839,N,VIIRS,n,2.0NRT,294.45,3.21,D
8.37381,77.62325,339.68,0.56,0.43,2026-09-09,839,N,VIIRS,n,2.0NRT,307.26,6.09,D
8.44805,80.62918,341.88,0.58,0.52,2026-09-09,839,N,VIIRS,n,2.0NRT,294.99,10.36,D
8.44878,80.63449,341.53,0.58,0.52,2026-09-09,839,N,VIIRS,n,2.0NRT,293.66,11.76,D
8.46447,80.82089,346.78,0.6,0.53,2026-09-09,839,N,VIIRS,n,2.0NRT,297.09,10.99,D
8.46842,80.24854,330.37,0.55,0.51,2026-09-09,839,N,VIIRS,n,2.0NRT,299.64,2.25,D
8.50964,80.51556,339.51,0.57,0.52,2026-09-09,839,N,VIIRS,n,2.0NRT,299.7,5.28,D
8.53304,78.12076,336.58,0.4,0.44,2026-09-09,839,N,VIIRS,l,2.0NRT,308.22,2.69,D
8.59542,80.85155,334.69,0.61,0.53,2026-09-09,839,N,VIIRS,n,2.0NRT,299.55,4.99,D
8.60634,77.96951,345.48,0.39,0.44,2026-09-09,839,N,VIIRS,n,2.0NRT,306.15,4.79,D
8.61346,80.4192,331.44,0.57,0.52,2026-09-09,839,N,VIIRS,n,2.0NRT,300.54,5.62,D
8.64196,81.08068,335.58,0.63,0.54,2026-09-09,839,N,VIIRS,n,2.0NRT,298.7,6.21,D
8.7018,80.28503,339.68,0.56,0.51,2026-09-09,839,N,VIIRS,n,2.0NRT,298.82,6.94,D
8.70837,80.40471,331.56,0.57,0.52,2026-09-09,839,N,VIIRS,n,2.0NRT,299.04,3.3,D
8.74929,81.1545,332.23,0.32,0.55,2026-09-09,839,N,VIIRS,n,2.0NRT,297.6,3.03,D
8.75256,81.15276,334.71,0.32,0.55,2026-09-09,839,N,VIIRS,n,2.0NRT,297.26,3.32,D
8.88306,77.78769,334.5,0.39,0.44,2026-09-09,839,N,VIIRS,n,2.0NRT,303.98,2.52,D
8.91723,80.44055,351.83,0.58,0.52,2026-09-09,839,N,VIIRS,n,2.0NRT,299.28,9.36,D
8.93182,80.89063,331.66,0.62,0.54,2026-09-09,839,N,VIIRS,n,2.0NRT,300.87,6.54,D
8.94801,80.85964,332.89,0.61,0.54,2026-09-09,839,N,VIIRS,n,2.0NRT,298.85,9.03,D
9.05835,80.58269,332.53,0.59,0.53,2026-09-09,839,N,VIIRS,n,2.0NRT,298.44,4.52,D
9.38469,80.47755,347.65,0.59,0.53,2026-09-09,839,N,VIIRS,n,2.0NRT,292.51,10.9,D
9.63687,78.10203,339.96,0.41,0.45,2026-09-09,839,N,VIIRS,n,2.0NRT,308.2,5.41,D
9.80809,77.51385,340.35,0.57,0.43,2026-09-09,839,N,VIIRS,n,2.0NRT,296.04,7.83,D
9.83046,77.55689,341.33,0.38,0.44,2026-09-09,839,N,VIIRS,n,2.0NRT,295.21,2.25,D
9.83092,77.56013,331.53,0.38,0.44,2026-09-09,839,N,VIIRS,n,2.0NRT,295.36,3.1,D
10.09023,77.69757,343.84,0.4,0.44,2026-09-09,839,N,VIIRS,n,2.0NRT,303.29,1.42,D
10.25719,77.25083,347.9,0.56,0.43,2026-09-09,839,N,VIIRS,n,2.0NRT,291.29,94.07,D
10.25788,77.24821,335.44,0.56,0.43,2026-09-09,839,N,VIIRS,n,2.0NRT,295.72,50.16,D
10.26118,77.24303,330.49,0.56,0.43,2026-09-09,839,N,VIIRS,n,2.0NRT,290.27,26.52,D
10.31302,78.61387,342.94,0.45,0.47,2026-09-09,839,N,VIIRS,n,2.0NRT,300.44,4.49,D
10.34718,79.41057,336.58,0.51,0.5,2026-09-09,839,N,VIIRS,n,2.0NRT,292.56,3.7,D
10.34748,79.41254,338.36,0.51,0.5,2026-09-09,839,N,VIIRS,n,2.0NRT,292.31,3.18,D
10.43343,77.19473,335.63,0.56,0.43,2026-09-09,839,N,VIIRS,n,2.0NRT,303.53,9.4,D
10.44232,77.11541,335.28,0.55,0.43,2026-09-09,839,N,VIIRS,n,2.0NRT,299.13,2.39,D
10.53283,78.61864,330.74,0.46,0.47,2026-09-09,839,N,VIIRS,n,2.0NRT,300.14,1.94,D
10.67141,78.88138,335.09,0.48,0.48,2026-09-09,839,N,VIIRS,n,2.0NRT,301.43,4.19,D
10.68338,79.27805,334.52,0.51,0.49,2026-09-09,839,N,VIIRS,n,2.0NRT,294.9,3.25,D
10.90465,78.49009,345.24,0.45,0.47,2026-09-09,839,N,VIIRS,n,2.0NRT,300.98,4.58,D
10.91727,78.97856,335.44,0.49,0.49,2026-09-09,839,N,VIIRS,n,2.0NRT,299.35,2.94,D
10.91968,78.97959,334.43,0.49,0.49,2026-09-09,839,N,VIIRS,n,2.0NRT,299.05,1.76,D
11.02803,77.51046,336.75,0.4,0.44,2026-09-09,839,N,VIIRS,n,2.0NRT,304.82,4.23,D
12.06407,79.16139,333.03,0.52,0.5,2026-09-09,839,N,VIIRS,n,2.0NRT,299.16,2.28,D
12.56395,79.11487,341.51,0.53,0.5,2026-09-09,839,N,VIIRS,n,2.0NRT,296.93,15.8,D
13.86723,77.47733,342.52,0.43,0.46,2026-09-09,841,N,VIIRS,n,2.0NRT,291.65,4.47,D
14.04664,79.93987,331.29,0.63,0.54,2026-09-09,841,N,VIIRS,n,2.0NRT,291.17,2.68,D
14.5568,78.02254,345.93,0.48,0.48,2026-09-09,841,N,VIIRS,n,2.0NRT,298.39,4.37,D
14.70121,79.99017,339.65,0.32,0.55,2026-09-09,841,N,VIIRS,n,2.0NRT,294.2,3.2,D
14.79568,79.02826,345.59,0.56,0.51,2026-09-09,841,N,VIIRS,n,2.0NRT,292.83,11.93,D
15.17479,76.67694,332.08,0.4,0.44,2026-09-09,841,N,VIIRS,n,2.0NRT,301.53,4.6,D
15.17643,76.65775,341.25,0.4,0.44,2026-09-09,841,N,VIIRS,n,2.0NRT,302.38,6.01,D
15.18199,76.66843,336.98,0.4,0.44,2026-09-09,841,N,VIIRS,n,2.0NRT,300.46,6.09,D
17.38081,75.72618,336.85,0.56,0.43,2026-09-09,841,N,VIIRS,n,2.0NRT,301.49,3.99,D
18.37337,74.35523,337.45,0.49,0.4,2026-09-09,841,N,VIIRS,n,2.0NRT,304.07,5.1,D
18.48067,73.98694,330.97,0.47,0.4,2026-09-09,841,N,VIIRS,l,2.0NRT,301.28,5.5,D
18.55479,74.31213,343.56,0.49,0.4,2026-09-09,841,N,VIIRS,n,2.0NRT,301.81,7.86,D
18.55849,74.3116,334.95,0.49,0.4,2026-09-09,841,N,VIIRS,n,2.0NRT,304.73,8.74,D
18.62244,74.55608,335.85,0.5,0.41,2026-09-09,841,N,VIIRS,n,2.0NRT,302.07,4.25,D
18.64365,74.65992,335.5,0.51,0.41,2026-09-09,841,N,VIIRS,n,2.0NRT,304.29,4.85,D
18.68402,73.04089,339.03,0.43,0.38,2026-09-09,841,N,VIIRS,n,2.0NRT,301.53,8.87,D
18.68637,73.03223,331.44,0.43,0.38,2026-09-09,841,N,VIIRS,n,2.0NRT,301.25,6.71,D
18.691,73.03982,339.49,0.43,0.38,2026-09-09,841,N,VIIRS,n,2.0NRT,302.47,8.26,D
18.99486,74.43908,330.89,0.5,0.41,2026-09-09,841,N,VIIRS,l,2.0NRT,303.44,3.27,D
19.65047,74.57458,335.89,0.52,0.41,2026-09-09,843,N,VIIRS,n,2.0NRT,298.13,6.15,D
21.10127,72.63649,343.94,0.43,0.38,2026-09-09,843,N,VIIRS,n,2.0NRT,303.4,10.01,D
21.10479,72.63596,342.9,0.43,0.38,2026-09-09,843,N,VIIRS,n,2.0NRT,301.56,10.01,D
21.10594,72.64432,339.18,0.43,0.38,2026-09-09,843,N,VIIRS,n,2.0NRT,304.26,8.38,D
21.10652,72.6485,344.45,0.43,0.38,2026-09-09,843,N,VIIRS,n,2.0NRT,304.6,8.4,D
21.1083,72.63541,341.85,0.43,0.38,2026-09-09,843,N,VIIRS,n,2.0NRT,303.4,3.48,D
21.11181,72.63486,337.68,0.43,0.38,2026-09-09,843,N,VIIRS,n,2.0NRT,303.62,3.48,D
21.45597,72.9502,334.97,0.45,0.39,2026-09-09,843,N,VIIRS,n,2.0NRT,301.66,3.95,D
21.96141,72.51338,339.3,0.44,0.38,2026-09-09,843,N,VIIRS,n,2.0NRT,303.3,6.19,D
22.35983,82.30304,326.78,0.56,0.69,2026-09-09,843,N,VIIRS,n,2.0NRT,287.19,8.43,D
22.4838,70.93859,337.46,0.4,0.37,2026-09-09,843,N,VIIRS,n,2.0NRT,302.73,3.49,D
22.55157,71.63312,338.85,0.41,0.37,2026-09-09,843,N,VIIRS,n,2.0NRT,305.61,5.82,D
22.78069,69.46031,337.63,0.38,0.36,2026-09-09,843,N,VIIRS,n,2.0NRT,302.9,3.57,D
22.87284,69.57805,332.78,0.38,0.36,2026-09-09,843,N,VIIRS,n,2.0NRT,301.04,4.04,D
22.89505,69.89949,334.75,0.39,0.36,2026-09-09,843,N,VIIRS,n,2.0NRT,304.7,1.82,D
22.92988,70.10869,336.43,0.39,0.36,2026-09-09,843,N,VIIRS,n,2.0NRT,304.53,6.77,D
22.9318,69.69779,332.54,0.38,0.36,2026-09-09,843,N,VIIRS,l,2.0NRT,304.36,2.27,D
22.93237,69.70152,331.13,0.38,0.36,2026-09-09,843,N,VIIRS,l,2.0NRT,303.33,3.74,D
22.93511,69.6972,335.3,0.38,0.36,2026-09-09,843,N,VIIRS,n,2.0NRT,303.5,2.27,D
23.03181,69.53057,331.92,0.38,0.36,2026-09-09,843,N,VIIRS,l,2.0NRT,302.92,2.6,D
23.05331,69.64938,335.4,0.38,0.36,2026-09-09,843,N,VIIRS,n,2.0NRT,299.9,5.02,D
23.10171,72.47737,330.84,0.45,0.39,2026-09-09,843,N,VIIRS,l,2.0NRT,303.73,4.76,D
23.50802,72.15764,337.69,0.44,0.38,2026-09-09,843,N,VIIRS,n,2.0NRT,305.06,3.69,D
23.57267,72.47577,335.21,0.45,0.39,2026-09-09,843,N,VIIRS,n,2.0NRT,305.14,4.27,D
24.48032,69.0869,334.57,0.38,0.36,2026-09-09,843,N,VIIRS,n,2.0NRT,303.96,2.81,D
25.00024,69.17052,333.45,0.38,0.36,2026-09-09,843,N,VIIRS,l,2.0NRT,305.19,0.73,D
25.35773,69.0938,334.28,0.38,0.36,2026-09-09,843,N,VIIRS,l,2.0NRT,305.96,2.47,D
25.38771,68.58407,343.72,0.38,0.36,2026-09-09,843,N,VIIRS,n,2.0NRT,306.56,4.62,D
25.41987,68.99232,345.34,0.38,0.36,2026-09-09,843,N,VIIRS,n,2.0NRT,308.48,4.22,D
25.79195,68.59055,331.3,0.38,0.36,2026-09-09,843,N,VIIRS,n,2.0NRT,304.9,1.24,D
25.89977,68.76244,332.45,0.38,0.36,2026-09-09,843,N,VIIRS,l,2.0NRT,305.38,2.09,D
26.14395,68.98871,332.5,0.38,0.36,2026-09-09,843,N,VIIRS,n,2.0NRT,305.64,2.69,D
26.64183,79.48302,332.65,0.41,0.61,2026-09-09,843,N,VIIRS,n,2.0NRT,294.48,4.48,D
26.78156,72.00723,343.32,0.46,0.39,2026-09-09,843,N,VIIRS,n,2.0NRT,310.89,7.69,D
26.78459,72.00198,339.68,0.46,0.39,2026-09-09,843,N,VIIRS,l,2.0NRT,310.8,7.69,D
26.78636,72.01598,341.03,0.46,0.39,2026-09-09,843,N,VIIRS,n,2.0NRT,309.83,19.54,D
26.78939,72.01074,348.52,0.46,0.39,2026-09-09,843,N,VIIRS,n,2.0NRT,310.23,9.4,D
26.79242,72.0055,347.32,0.46,0.39,2026-09-09,843,N,VIIRS,n,2.0NRT,311.3,15.04,D
26.7936,72.01483,342.21,0.46,0.39,2026-09-09,843,N,VIIRS,n,2.0NRT,310.55,9.4,D
26.79663,72.00959,342.06,0.46,0.39,2026-09-09,843,N,VIIRS,n,2.0NRT,310.44,4.85,D
26.79723,72.01426,338.28,0.46,0.39,2026-09-09,843,N,VIIRS,l,2.0NRT,310.24,4.85,D
28.42417,69.70093,337.49,0.4,0.37,2026-09-09,845,N,VIIRS,l,2.0NRT,311.47,3.82,D
30.3203,69.8423,350.24,0.42,0.37,2026-09-09,845,N,VIIRS,n,2.0NRT,311.47,2.96,D
30.46224,73.80231,335,0.42,0.45,2026-09-09,845,N,VIIRS,n,2.0NRT,302.14,3.04,D
31.11923,74.6719,346.95,0.48,0.48,2026-09-09,845,N,VIIRS,n,2.0NRT,300.42,10.59,D
31.12366,74.67133,345.68,0.48,0.48,2026-09-09,845,N,VIIRS,n,2.0NRT,298.08,6.33,D
31.12966,74.65249,332.7,0.48,0.48,2026-09-09,845,N,VIIRS,n,2.0NRT,297.49,2.66,D
31.39262,73.96021,340.26,0.44,0.46,2026-09-09,845,N,VIIRS,n,2.0NRT,298.55,4.82,D
36.79524,81.54149,342.51,0.66,0.73,2026-09-09,848,N,VIIRS,n,2.0NRT,299.85,6.22,D